sleep_duration,sleep_quality,physical_activity,stress_level,heart_rate,daily_steps,wellness_trend
8.3,4,43,4,66,6510,Improving
5.6,8,35,2,71,5374,Improving
6.2,5,14,7,79,4453,Declining
8.5,8,61,3,75,9572,Improving
4.6,6,57,7,67,10014,Declining
6.3,6,42,2,74,7329,Improving
8.8,6,58,7,77,7587,Improving
5.9,4,38,9,85,4959,Declining
5.5,6,10,3,75,4469,Declining
7.3,5,40,2,70,5625,Improving
6.5,8,34,6,81,6622,Stable
4.7,6,80,2,88,4137,Improving
7.7,7,72,4,74,9124,Improving
4.5,8,46,6,81,6480,Declining
7.2,3,75,1,67,9533,Improving
5.4,4,78,4,84,9435,Stable
6.7,6,42,7,78,7199,Stable
6.6,7,50,4,75,7880,Improving
8.4,6,86,6,66,10291,Improving
7.0,6,45,5,77,6246,Stable
7.6,4,45,3,87,6764,Improving
6.5,8,27,4,82,6191,Improving
7.1,5,49,5,75,8380,Stable
8.8,6,69,5,76,8618,Improving
4.7,8,26,5,82,6388,Declining
6.0,5,17,8,81,3429,Declining
6.9,8,54,5,79,8142,Improving
5.7,7,15,8,85,4957,Declining
5.9,7,33,5,80,5439,Stable
6.5,5,42,4,75,6892,Stable
7.1,6,65,3,78,9392,Improving
6.7,5,86,7,71,11750,Stable
7.1,8,32,8,83,8040,Stable
8.0,10,67,5,73,10609,Improving
7.4,4,53,4,80,6196,Stable
7.3,6,49,1,68,8303,Improving
6.5,5,53,6,82,8236,Stable
7.0,8,40,1,72,6972,Improving
6.3,5,55,2,63,8941,Improving
6.8,7,35,7,85,5753,Stable
6.8,7,42,4,86,7501,Improving
8.2,6,55,5,80,8068,Improving
5.1,8,70,4,79,9611,Improving
6.7,3,42,8,78,6274,Declining
4.5,8,39,7,73,4572,Declining
6.9,7,63,4,80,7089,Improving
6.9,7,24,3,80,7071,Improving
4.5,10,56,4,72,9277,Improving
7.5,4,42,5,76,5424,Stable
9.0,7,51,3,66,7589,Improving
6.9,5,32,8,77,6385,Declining
9.0,3,66,5,72,7181,Improving
6.0,6,26,5,74,6249,Declining
9.0,5,82,5,74,9685,Improving
6.1,7,41,7,85,8110,Stable
7.3,4,10,8,84,2346,Declining
4.5,9,39,4,83,8036,Stable
8.0,4,48,5,82,6838,Stable
7.2,5,29,2,70,4529,Improving
5.0,8,49,10,88,6113,Declining
6.0,7,42,6,82,5260,Stable
5.9,7,41,2,81,7607,Improving
6.7,8,44,7,78,6602,Stable
7.8,3,51,8,79,5485,Declining
8.0,5,63,5,69,8368,Improving
5.6,4,41,8,82,5022,Declining
6.6,6,67,7,86,9384,Stable
6.5,3,10,3,75,4165,Declining
8.1,5,57,8,83,6853,Stable
6.5,4,47,6,76,4565,Declining
6.9,7,62,5,80,6840,Improving
8.3,6,71,5,81,8362,Improving
6.9,6,61,9,86,7949,Stable
7.1,5,13,5,83,2996,Declining
5.0,7,51,8,83,8512,Declining
8.4,7,53,4,78,7975,Improving
7.4,3,72,8,76,7437,Stable
8.3,8,67,8,73,8664,Improving
5.9,7,42,3,80,5407,Improving
8.3,9,73,6,75,9326,Improving
5.8,6,74,6,87,10998,Stable
4.5,8,111,10,87,11730,Stable
6.5,10,28,6,85,5538,Improving
5.2,7,59,3,76,8609,Improving
7.6,7,34,3,72,5510,Improving
9.0,3,41,6,74,7197,Stable
6.1,7,48,5,76,7313,Stable
6.5,5,45,6,75,6015,Stable
7.1,6,19,6,81,4164,Stable
5.6,6,37,5,79,5588,Declining
7.7,7,44,5,82,6301,Improving
4.5,7,22,7,82,4818,Declining
7.4,9,22,6,87,4836,Improving
7.5,6,52,7,83,7458,Stable
8.3,4,90,7,80,11662,Improving
6.7,7,72,6,72,8870,Improving
6.8,5,16,3,76,5160,Stable
5.4,4,40,7,83,5923,Declining
5.3,6,37,8,90,6070,Declining
7.8,8,74,5,73,8596,Improving
6.7,6,32,3,76,4689,Stable
6.4,9,68,3,69,8956,Improving
6.0,6,49,10,78,7627,Declining
7.1,4,29,9,89,4041,Declining
7.6,5,64,6,78,8781,Improving
6.9,8,46,6,77,6582,Improving
8.7,5,92,5,75,11746,Improving
6.7,4,20,4,75,5160,Declining
6.7,7,42,1,65,8760,Improving
7.3,8,108,6,77,11771,Improving
7.9,6,72,4,75,8547,Improving
4.6,7,82,4,85,10536,Stable
4.5,10,40,6,82,7108,Stable
6.8,3,77,6,72,9523,Stable
5.6,7,50,2,72,7556,Improving
6.9,4,60,7,80,8458,Stable
6.5,4,59,2,69,6694,Improving
5.5,9,48,4,80,8260,Improving
6.9,6,17,8,87,3610,Declining
6.2,3,79,10,91,10238,Declining
5.9,7,62,4,78,8181,Improving
6.0,5,53,8,85,6958,Declining
7.5,5,15,8,80,2383,Declining
7.8,9,36,10,89,5498,Stable
8.5,8,12,4,73,4606,Improving
8.0,8,96,10,83,12152,Improving
6.4,4,55,6,85,6169,Declining
6.9,6,79,5,76,9671,Improving
6.3,8,42,4,75,7952,Improving
5.3,8,50,6,86,6643,Stable
6.5,9,48,7,82,6574,Stable
7.0,2,32,10,84,4515,Declining
8.0,4,41,10,79,6152,Declining
8.3,5,20,7,79,2932,Stable
5.1,4,35,5,79,3913,Declining
4.9,4,24,5,78,4207,Declining
8.3,3,17,7,79,3894,Declining
4.9,7,65,7,83,9680,Declining
6.3,9,26,3,77,6419,Improving
5.3,7,62,9,84,9327,Declining
5.8,10,85,8,82,12139,Improving
6.8,5,43,2,69,6490,Improving
6.4,5,31,4,79,6189,Stable
6.9,5,55,10,89,7350,Declining
5.9,5,44,2,83,6805,Stable
6.0,5,11,5,74,5196,Declining
7.2,8,46,10,86,6140,Stable
6.3,4,68,2,64,7927,Improving
6.3,5,45,7,78,6391,Declining
4.5,4,29,6,83,5271,Declining
8.4,7,74,4,91,5333,Improving
5.5,8,10,5,83,3422,Declining
7.2,4,59,4,72,8620,Improving
8.1,6,65,6,73,9611,Improving
5.8,7,48,7,86,9151,Declining
5.9,6,80,1,79,10082,Improving
7.3,8,24,6,82,5910,Stable
6.9,7,50,7,86,7617,Stable
5.1,6,65,1,78,8672,Improving
6.3,5,36,3,74,5826,Stable
4.5,8,52,6,79,7186,Declining
7.9,8,52,5,74,8812,Improving
5.9,6,72,6,85,10020,Stable
7.9,6,50,7,83,5920,Stable
7.0,8,30,8,88,5187,Stable
7.4,6,42,4,77,6594,Improving
4.5,10,26,6,87,6525,Declining
6.2,6,46,4,78,6788,Stable
6.3,6,26,6,80,4176,Declining
5.6,4,60,3,74,7716,Stable
5.3,9,60,4,82,10996,Improving
6.1,4,96,7,81,9778,Stable
9.0,8,41,3,75,6985,Improving
5.1,4,48,4,74,6744,Declining
6.3,5,49,4,73,6010,Stable
6.4,9,43,4,70,8200,Improving
4.7,6,51,7,80,6907,Declining
5.9,7,18,4,85,5525,Stable
5.0,8,87,4,82,10188,Improving
5.7,6,35,9,80,6099,Declining
5.7,5,26,6,78,5934,Declining
7.6,6,17,5,81,3889,Stable
7.6,5,49,5,78,5754,Improving
8.9,6,34,6,72,6655,Improving
5.3,7,44,3,85,8162,Stable
9.0,3,48,6,77,6136,Stable
5.8,6,32,3,76,6844,Stable
9.0,4,41,5,72,6450,Improving
5.8,9,38,8,87,7566,Stable
6.4,5,63,5,77,8141,Stable
8.1,7,22,5,79,5366,Improving
7.4,5,49,4,76,7385,Improving
7.1,4,11,7,90,2260,Declining
5.9,4,38,10,80,5632,Declining
7.4,6,64,6,79,8287,Improving
7.6,5,72,8,74,9162,Stable
4.6,7,83,5,76,11871,Stable
6.3,6,35,4,77,6200,Stable
6.5,5,28,5,79,4457,Declining
4.7,4,47,5,87,7202,Declining
7.8,2,77,4,72,8698,Improving
5.6,4,34,6,82,8102,Declining
6.8,4,34,2,80,5165,Stable
7.0,5,15,3,79,5810,Stable
7.0,3,48,5,76,8472,Stable
7.1,8,47,7,77,6748,Stable
7.7,7,57,6,77,6007,Improving
7.3,4,64,4,78,7438,Improving
7.2,7,25,5,84,6471,Stable
7.5,4,56,3,74,7735,Improving
6.1,4,69,10,83,8859,Declining
9.0,3,44,1,65,5834,Improving
7.8,7,39,9,81,6008,Stable
6.1,9,13,7,82,4430,Declining
8.9,8,64,4,69,7937,Improving
7.5,7,10,2,76,4002,Improving
7.2,5,37,6,80,6984,Stable
6.3,3,42,6,80,7631,Declining
7.2,4,70,9,86,7419,Declining
7.0,5,10,7,79,4397,Declining
7.2,6,58,7,81,6913,Stable
5.8,4,27,6,87,4673,Declining
9.0,7,69,3,71,10042,Improving
7.2,6,55,4,76,7892,Improving
7.8,5,36,10,84,6342,Declining
5.6,6,87,7,74,10581,Stable
5.7,8,49,1,72,8706,Improving
6.9,9,26,4,67,11388,Improving
6.0,6,56,6,81,8062,Stable
5.5,5,52,10,85,5210,Declining
5.4,5,91,5,80,10813,Stable
6.6,4,77,5,76,10216,Stable
7.6,10,26,7,84,5887,Improving
6.2,6,47,5,80,6281,Stable
8.8,5,26,5,84,5015,Improving
6.2,7,51,3,76,8526,Improving
8.6,5,34,6,75,7144,Stable
6.6,4,52,6,81,5984,Declining
6.9,7,85,8,74,11401,Improving
6.1,3,39,7,85,5465,Declining
5.8,4,14,4,83,3213,Declining
7.7,7,90,2,71,11703,Improving
4.6,5,43,5,85,7905,Declining
7.9,7,51,3,70,8565,Improving
6.3,8,38,4,77,6158,Improving
6.9,7,66,1,72,9239,Improving
6.4,6,21,7,83,3948,Declining
4.9,2,41,7,92,4478,Declining
5.7,10,48,9,91,8709,Stable
4.6,3,10,5,89,4164,Declining
9.0,7,24,8,78,4390,Stable
7.0,8,37,2,73,8004,Improving
4.6,5,42,1,82,5916,Stable
4.6,7,62,7,83,6917,Declining
6.9,1,10,6,77,2122,Declining
6.7,6,49,2,68,7063,Improving
6.7,6,41,6,81,5184,Stable
5.8,7,68,5,80,7686,Improving
5.9,8,64,10,79,9870,Declining
7.9,5,49,7,83,8807,Stable
5.7,8,32,8,85,7750,Declining
6.0,6,76,5,74,11926,Improving
5.3,5,41,3,78,7323,Stable
5.6,7,57,4,68,6948,Stable
6.9,6,19,10,85,5096,Declining
7.6,9,48,8,83,7827,Improving
9.0,5,62,7,81,7486,Improving
7.9,3,34,2,75,6694,Improving
6.6,5,10,8,76,3247,Declining
8.8,2,52,5,75,5995,Stable
7.1,6,52,3,71,8565,Improving
7.3,9,34,4,82,6857,Improving
6.8,2,38,6,74,5295,Declining
5.0,8,68,7,85,8084,Stable
6.6,6,63,5,83,8343,Improving
7.3,2,36,6,82,4522,Declining
6.5,5,36,7,77,6813,Declining
5.5,6,45,4,84,7314,Stable
6.9,5,61,4,73,8647,Improving
8.4,7,60,10,82,7273,Stable
6.7,7,60,6,81,9058,Improving
8.1,4,35,6,80,5702,Stable
6.6,5,20,9,85,5728,Declining
5.0,5,57,6,79,8673,Declining
8.3,8,46,6,73,7217,Improving
6.6,8,49,5,75,7706,Improving
6.5,6,48,1,75,7119,Improving
5.9,9,43,1,80,6224,Improving
7.4,6,54,1,69,7610,Improving
7.0,5,50,8,82,5238,Declining
8.8,6,40,5,71,6345,Improving
9.0,9,15,3,76,6754,Improving
6.3,2,10,4,81,2387,Declining
6.0,5,39,2,71,7436,Stable
5.6,2,63,10,85,6682,Declining
6.4,3,63,2,77,7021,Stable
7.1,4,16,5,75,3064,Declining
8.5,4,33,9,81,5158,Declining
4.5,6,38,3,80,5720,Declining
6.6,5,55,7,73,7536,Stable
7.0,3,57,5,78,7488,Stable
6.5,3,56,7,86,6982,Declining
7.1,1,25,7,85,5341,Declining
7.0,3,47,3,74,7768,Stable
5.1,5,32,7,77,6330,Declining
7.5,6,41,3,72,7526,Improving
6.8,7,61,5,73,9382,Improving
5.9,7,58,5,72,8747,Stable
5.4,5,36,7,84,4785,Declining
4.7,9,72,6,81,9557,Stable
5.6,10,63,3,74,9107,Improving
6.3,7,68,4,83,9279,Improving
8.1,8,40,6,76,8181,Improving
7.3,3,52,7,80,6284,Declining
5.9,7,63,2,76,9621,Improving
6.3,9,54,5,76,8281,Improving
5.6,6,52,6,79,7676,Declining
7.6,6,32,7,78,4685,Stable
6.7,9,76,6,80,8192,Improving
7.3,6,57,4,69,10150,Improving
8.2,7,26,1,74,6844,Improving
6.2,4,33,6,79,5928,Declining
8.2,3,16,5,74,4436,Stable
7.2,7,75,8,82,9278,Improving
4.8,4,62,4,81,7209,Declining
6.7,10,26,2,74,6525,Improving
6.1,6,17,6,78,4457,Declining
6.2,4,57,7,80,6183,Declining
8.2,7,30,7,83,4399,Stable
6.8,3,22,6,82,3944,Declining
5.9,5,46,7,87,6343,Declining
4.7,6,46,7,90,6701,Declining
7.4,1,35,8,86,4364,Declining
7.2,10,27,1,76,6526,Improving
6.3,6,55,6,76,7381,Stable
4.5,9,50,8,85,7730,Declining
7.1,7,50,6,86,7076,Improving
6.0,1,54,3,69,7306,Declining
6.6,7,44,6,76,8060,Stable
6.0,6,54,8,79,7003,Declining
6.7,7,37,8,87,5790,Declining
6.7,6,43,2,76,6828,Improving
6.1,4,47,7,83,4132,Declining
7.1,7,41,4,75,6631,Improving
8.2,6,23,3,78,5527,Improving
6.9,6,47,3,69,7978,Improving
7.5,6,16,4,77,4008,Stable
5.1,5,41,6,88,6070,Declining
6.7,7,54,5,76,8273,Improving
6.2,6,10,7,92,3211,Declining
6.2,5,26,4,77,5144,Declining
7.7,5,38,6,80,5663,Stable
7.8,4,49,7,78,7453,Stable
8.2,3,22,5,83,4608,Stable
5.5,7,34,6,82,5464,Declining
6.8,9,10,7,85,3517,Stable
7.7,6,56,10,85,7355,Stable
5.6,4,17,8,81,3391,Declining
8.2,7,24,7,81,4788,Stable
7.9,5,47,9,84,5586,Stable
7.0,3,28,5,84,4615,Declining
6.7,8,57,5,74,10022,Improving
6.8,7,45,6,77,7090,Stable
8.4,5,26,7,86,6400,Stable
7.8,8,107,5,75,10002,Improving
7.5,5,51,4,69,6707,Improving
7.2,4,37,9,84,4213,Declining
4.8,9,70,6,88,10476,Stable
6.7,8,68,4,75,9401,Improving
5.8,3,48,4,81,7077,Declining
7.9,10,19,4,73,6644,Improving
8.3,4,65,9,65,9954,Stable
7.7,8,72,4,89,7897,Improving
7.1,6,87,6,73,9602,Improving
7.7,7,35,6,81,6344,Improving
8.8,9,82,7,72,10134,Improving
5.8,6,45,9,83,5630,Declining
6.5,2,61,9,84,7328,Declining
5.9,7,26,5,79,5701,Stable
7.3,4,44,2,71,7248,Improving
8.0,7,29,2,77,7340,Improving
7.3,6,23,7,84,5517,Declining
9.0,4,26,5,73,5687,Stable
5.8,4,59,5,79,8371,Declining
5.5,4,42,8,79,5700,Declining
7.2,6,34,4,75,6422,Improving
6.3,7,77,7,81,9998,Stable
4.9,7,31,7,86,6887,Declining
6.6,3,81,10,77,9826,Declining
8.8,9,22,4,71,3943,Improving
5.1,7,47,6,86,7627,Declining
7.9,5,21,8,84,3544,Declining
5.5,6,35,7,86,5925,Declining
8.4,6,83,8,77,11406,Improving
8.3,6,75,4,67,10619,Improving
5.5,3,74,8,76,8966,Declining
6.3,8,89,6,74,10153,Improving
5.7,7,10,7,90,5277,Declining
6.6,6,57,5,81,8799,Stable
7.0,9,29,6,76,4113,Improving
6.2,6,11,7,79,3019,Declining
8.0,4,42,9,78,5644,Declining
6.0,4,40,8,86,3919,Declining
6.7,9,51,6,81,7087,Improving
6.9,7,45,4,78,8172,Improving
6.0,8,57,1,70,7782,Improving
7.9,5,75,4,69,9167,Improving
6.4,8,69,8,79,7628,Stable
5.4,10,42,7,78,6869,Stable
7.0,5,31,9,82,6045,Declining
6.9,6,56,6,73,6532,Stable
7.3,6,48,3,73,8473,Improving
6.4,5,70,5,76,9457,Stable
6.1,9,51,8,79,7343,Stable
7.2,8,35,4,71,7913,Improving
7.1,7,63,8,76,8492,Stable
5.2,6,21,9,84,3235,Declining
6.7,8,25,8,83,5287,Declining
5.0,6,48,5,84,7832,Declining
7.6,6,47,5,75,6039,Improving
6.0,2,29,5,81,2696,Declining
6.9,6,43,9,83,6611,Declining
8.2,6,79,3,71,10562,Improving
8.6,4,33,4,79,6849,Improving
7.1,9,32,8,82,6832,Stable
7.1,7,83,4,75,9066,Improving
7.0,8,43,4,74,7966,Improving
6.6,7,58,5,73,8150,Improving
8.5,6,47,6,75,7532,Improving
6.2,7,10,9,92,2612,Declining
7.8,9,42,7,78,6688,Improving
7.1,6,44,7,75,6747,Stable
6.7,6,75,6,77,8456,Improving
8.7,7,33,5,74,5720,Improving
8.3,10,81,7,78,9600,Improving
5.7,7,62,4,82,7788,Improving
7.3,6,77,5,68,10327,Improving
9.0,7,28,2,75,6298,Improving
7.2,6,22,5,81,4947,Stable
8.3,5,15,4,77,5470,Stable
7.4,5,37,4,77,7555,Stable
8.1,9,34,3,71,7871,Improving
8.7,6,41,8,81,6010,Stable
4.8,10,73,8,82,10797,Stable
6.7,5,50,8,80,4876,Declining
5.3,7,43,6,84,7812,Declining
7.0,5,24,3,76,4625,Stable
4.8,8,91,5,77,10299,Improving
7.0,6,41,5,79,9211,Stable
6.7,9,54,4,79,7857,Improving
5.8,7,34,5,81,6222,Stable
6.7,6,11,6,75,3652,Declining
5.7,9,61,3,75,7730,Improving
5.8,5,69,5,74,9324,Stable
6.6,4,56,1,66,7819,Improving
6.4,10,50,2,75,9028,Improving
8.0,7,36,7,78,6388,Stable
6.3,3,22,6,92,3754,Declining
6.5,6,29,4,71,5758,Stable
7.5,7,30,8,88,5607,Stable
5.8,6,72,8,82,8335,Declining
8.7,7,10,8,81,3563,Stable
7.3,7,22,9,80,4369,Declining
5.4,6,78,4,73,8790,Improving
7.0,9,64,4,82,9145,Improving
7.5,6,80,9,84,9332,Stable
9.0,5,66,8,83,8596,Improving
5.3,4,65,7,87,7145,Declining
6.0,1,28,5,76,3027,Declining
6.4,5,47,4,82,7256,Stable
5.7,7,95,7,72,10775,Improving
4.5,5,10,3,83,4881,Declining
7.6,6,25,6,84,4611,Stable
6.1,6,35,6,78,6515,Declining
6.1,8,56,5,78,7593,Improving
5.9,6,29,3,75,5949,Stable
7.8,8,62,4,73,8646,Improving
4.9,4,10,7,91,1500,Declining
6.3,7,29,8,88,4968,Declining
7.0,8,54,5,83,8814,Improving
5.6,7,13,6,83,3843,Declining
5.5,4,32,6,77,6224,Declining
5.5,4,23,6,84,5483,Declining
8.6,6,38,2,70,7681,Improving
6.2,8,29,2,76,6995,Improving
7.0,4,56,2,70,6078,Improving
4.7,6,62,7,91,6527,Declining
6.7,6,10,6,85,4374,Declining
5.8,5,31,7,80,5184,Declining
6.2,6,31,6,79,4302,Declining
6.2,5,79,4,78,10105,Improving
5.4,10,46,7,82,9236,Stable
7.1,5,67,7,76,7374,Stable
5.3,3,69,3,79,8245,Stable
6.9,6,44,4,76,7008,Improving
8.5,6,24,7,74,5113,Stable
5.4,3,68,4,73,8454,Declining
6.5,9,12,9,71,5081,Declining
5.2,6,50,7,84,6469,Declining
7.9,1,41,7,76,4779,Declining
6.1,7,31,7,90,6152,Declining
6.7,2,50,7,84,7752,Declining
7.5,5,73,6,86,7856,Improving
7.9,6,69,7,85,6362,Improving
7.0,4,67,8,74,6982,Declining
6.7,3,61,1,77,7085,Improving
7.2,5,15,2,74,3917,Stable
6.6,5,31,4,78,5812,Stable
5.9,5,41,1,74,7374,Improving
5.8,4,62,8,91,8073,Declining
6.4,7,68,9,82,8999,Stable
5.5,6,52,5,81,7720,Stable
7.3,7,53,7,81,6413,Stable
6.6,4,47,8,87,5618,Declining
7.8,8,58,6,80,9141,Improving
7.1,8,10,5,83,4133,Stable
8.4,9,36,8,84,7599,Improving
5.5,6,32,2,74,5904,Stable
7.1,6,18,5,76,4224,Stable
6.1,6,27,5,79,6489,Declining
6.7,5,53,10,87,6695,Declining
6.6,7,83,6,78,8373,Improving
5.5,8,29,4,84,7588,Stable
7.5,4,49,6,81,6544,Stable
6.2,7,56,3,80,11772,Improving
5.7,5,50,7,82,6579,Declining
7.0,7,61,5,73,9130,Improving
8.9,7,20,6,83,5512,Improving
7.8,1,44,6,79,5947,Declining
8.7,4,27,10,80,4173,Declining
7.0,10,41,10,87,5791,Stable
6.7,4,56,3,83,6700,Stable
7.9,5,65,6,77,7981,Improving
7.8,3,27,5,84,3378,Stable
5.9,8,82,8,82,12367,Stable
5.0,7,19,6,80,5735,Declining
7.3,7,61,4,72,9919,Improving
6.6,7,19,7,80,4098,Declining
6.8,3,38,2,70,5986,Stable
7.2,6,28,6,78,5009,Stable
8.1,5,57,8,82,7031,Stable
6.9,7,43,7,83,5660,Stable
6.8,8,93,7,76,11836,Improving
8.3,7,34,9,82,4783,Stable
6.4,8,77,6,73,9985,Improving
5.8,5,56,1,79,8864,Improving
7.3,5,45,2,74,7490,Improving
5.9,8,20,4,75,5668,Stable
6.8,6,78,9,80,8747,Stable
6.8,5,64,5,80,7952,Stable
4.5,5,37,5,85,6017,Declining
6.3,6,46,5,76,6624,Stable
9.0,9,51,9,79,8447,Improving
8.3,4,30,4,71,4419,Stable
6.4,8,21,10,82,4351,Declining
8.2,3,10,9,82,1500,Declining
4.8,8,85,3,73,11726,Improving
6.3,6,10,6,79,4814,Declining
7.4,6,28,8,82,4002,Declining
8.4,5,63,2,67,8628,Improving
6.0,7,34,6,81,6579,Stable
6.4,5,36,9,87,5707,Declining
6.7,8,35,10,82,6989,Declining
5.3,8,22,5,81,6013,Declining
4.6,5,58,3,76,6430,Stable
5.3,7,81,6,74,11074,Stable
6.9,7,48,10,89,5931,Declining
7.0,6,31,5,81,4819,Stable
7.5,4,25,3,79,5789,Stable
7.5,6,14,5,81,3843,Stable
6.4,7,55,2,77,6305,Improving
8.9,7,67,9,81,7281,Improving
5.4,8,75,7,79,8805,Stable
5.6,4,29,6,85,4156,Declining
6.4,7,66,7,75,10142,Stable
8.3,4,74,3,78,2353,Improving
7.1,6,94,1,68,11662,Improving
5.5,6,35,3,81,6292,Stable
6.4,7,58,6,80,8668,Stable
9.0,7,47,6,80,5979,Improving
6.6,8,26,5,77,6126,Stable
7.9,4,46,1,72,7427,Improving
6.1,5,67,7,76,9203,Stable
7.0,2,55,6,80,6373,Declining
8.1,6,81,4,76,9865,Improving
4.5,6,85,8,89,10348,Declining
8.9,3,27,9,80,5502,Declining
7.9,3,12,3,76,3700,Stable
7.0,6,41,2,74,7387,Improving
5.6,5,15,9,82,2303,Declining
6.6,6,71,8,76,9060,Stable
5.0,4,30,1,73,8041,Declining
6.6,5,40,7,84,6528,Declining
5.6,6,40,4,75,6573,Stable
6.9,3,60,9,84,6274,Declining
7.8,4,58,4,78,5836,Improving
7.2,9,75,5,76,9053,Improving
7.8,7,60,9,75,5508,Stable
8.4,7,48,6,76,6852,Improving
7.4,7,42,5,76,7868,Improving
7.5,9,13,8,76,11975,Stable
8.5,5,65,8,81,8327,Improving
5.7,3,54,6,85,5994,Declining
7.2,7,40,4,71,7924,Improving
5.2,6,38,1,75,8232,Stable
6.7,10,68,2,81,10398,Improving
6.1,6,26,6,76,5417,Declining
7.3,5,95,10,80,10539,Stable
5.0,6,32,4,81,7762,Declining
5.6,5,62,6,85,7025,Declining
6.8,9,26,5,81,6180,Improving
7.1,6,86,4,73,10261,Improving
7.1,7,42,5,80,7067,Improving
5.5,7,51,7,92,8520,Declining
6.9,9,10,6,73,3473,Stable
6.4,6,42,8,80,7389,Declining
6.4,6,55,7,77,7486,Stable
5.7,9,70,1,74,10659,Improving
6.3,6,14,4,80,5209,Stable
4.5,7,57,10,86,8530,Declining
6.4,7,102,5,71,12931,Improving
9.0,4,96,7,81,10078,Improving
8.0,5,28,7,85,5765,Stable
4.5,8,32,6,93,5479,Declining
7.3,5,54,7,79,4782,Stable
6.8,4,49,3,68,7450,Stable
4.8,4,30,6,82,6384,Declining
5.3,6,88,6,76,10558,Stable
7.5,5,10,2,83,3878,Stable
7.6,5,46,3,75,6439,Improving
6.8,6,52,8,86,7017,Stable
6.6,8,50,4,81,8201,Improving
5.3,7,30,3,80,5664,Stable
4.9,7,14,6,75,2461,Declining
4.8,9,31,6,86,5569,Declining
5.6,8,87,7,80,10489,Improving
7.0,7,29,8,81,5912,Declining
5.8,6,53,5,75,8303,Stable
8.2,7,27,7,78,6310,Stable
7.1,9,38,3,76,7627,Improving
5.4,8,51,7,80,7822,Stable
8.1,5,71,4,71,9292,Improving
5.3,2,46,4,79,4902,Declining
8.9,7,45,6,76,5756,Improving
5.4,5,32,5,82,6452,Declining
6.7,8,45,3,84,7355,Improving
7.3,6,68,2,75,7442,Improving
6.3,6,21,2,74,3863,Stable
7.7,10,74,9,79,9565,Improving
7.3,7,54,4,81,8531,Improving
6.7,7,60,6,79,8448,Improving
7.3,10,33,7,78,6433,Improving
7.9,5,32,5,76,4057,Stable
7.6,2,59,1,67,7655,Improving
4.5,9,17,7,84,4836,Declining
6.7,5,45,10,86,5367,Declining
5.7,6,37,9,86,5820,Declining
5.4,8,67,2,62,8909,Improving
7.6,2,72,5,75,7234,Stable
6.8,2,50,7,72,4432,Declining
5.3,7,58,2,77,9102,Improving
5.2,10,33,6,84,5448,Stable
8.4,6,23,6,77,5668,Stable
7.6,3,23,3,76,6964,Stable
7.7,7,98,7,71,10996,Improving
6.0,4,24,7,93,5006,Declining
7.6,7,34,5,79,6161,Improving
7.0,4,30,4,76,7675,Stable
8.8,4,59,4,72,6314,Improving
7.1,5,22,3,76,5265,Stable
7.4,3,47,4,69,6472,Stable
7.1,5,30,7,77,4452,Declining
4.7,10,47,10,93,7801,Declining
7.8,7,70,7,71,8438,Improving
4.8,7,78,9,80,8475,Declining
6.1,7,62,3,80,9025,Improving
7.3,7,32,5,78,4144,Improving
6.2,4,25,8,93,3213,Declining
5.7,5,39,6,80,6020,Declining
8.1,5,27,5,81,4982,Stable
6.9,5,10,9,81,3001,Declining
5.1,7,66,2,78,9718,Improving
4.5,5,84,3,77,10096,Stable
7.8,10,37,3,69,6914,Improving
5.8,5,27,4,80,5471,Declining
8.3,8,100,10,74,11243,Improving
7.0,8,16,5,78,6307,Stable
7.5,5,61,8,81,9548,Stable
7.2,6,30,4,71,6186,Stable
5.2,7,32,6,87,6784,Declining
5.8,5,37,7,87,5408,Declining
7.3,5,28,9,84,3777,Declining
7.5,6,43,3,74,7260,Improving
4.5,4,48,9,85,6628,Declining
8.4,5,10,10,83,2304,Declining
6.3,5,61,7,76,6203,Stable
6.6,2,34,5,82,4954,Declining
4.5,4,45,5,81,7073,Declining
6.1,6,36,2,77,7026,Stable
7.1,6,70,3,69,8839,Improving
7.6,3,93,8,80,11936,Stable
6.5,6,26,8,89,6426,Declining
7.1,1,38,5,70,4531,Declining
4.5,10,22,7,83,4590,Declining
7.3,4,25,4,75,4893,Stable
7.8,5,35,5,82,6874,Stable
6.4,3,22,3,81,4983,Declining
5.7,8,14,3,70,5147,Stable
4.9,3,12,7,87,3090,Declining
6.6,7,78,8,86,9667,Stable
7.2,6,10,1,75,4522,Improving
7.6,7,29,4,79,5060,Improving
6.3,8,28,5,78,5374,Stable
7.8,6,10,4,77,2865,Stable
4.6,4,25,3,79,5684,Declining
5.3,6,28,7,89,4565,Declining
5.2,7,39,4,74,7618,Stable
5.5,3,29,5,80,5405,Declining
7.0,5,57,3,72,7307,Improving
6.9,8,40,7,73,10782,Stable
7.4,7,10,3,74,4216,Improving
4.6,6,77,2,79,10316,Improving
5.9,5,32,4,88,7388,Declining
7.0,7,37,5,81,6867,Stable
4.5,5,39,6,81,6205,Declining
6.1,5,38,8,79,7156,Declining
6.6,3,51,5,77,8257,Declining
6.1,6,32,4,80,6438,Stable
6.8,8,41,6,81,7526,Stable
7.7,5,22,8,78,4936,Declining
7.5,7,43,1,70,7904,Improving
7.0,8,37,5,74,5872,Improving
8.7,4,74,8,80,7499,Improving
5.9,4,54,5,84,6788,Declining
7.0,7,52,4,79,9704,Improving
4.5,7,90,5,80,10951,Stable
8.2,7,73,2,64,10324,Improving
8.9,5,48,4,68,7963,Improving
5.5,5,26,2,75,6347,Stable
6.2,6,21,7,82,3642,Declining
7.5,6,25,7,81,3058,Stable
6.3,6,46,3,74,6964,Improving
7.3,4,86,5,78,11500,Improving
6.2,8,22,2,92,11018,Improving
5.9,6,33,3,79,6869,Stable
7.2,7,34,6,87,5118,Stable
7.1,2,55,3,74,6118,Stable
6.2,3,26,3,79,4940,Declining
6.8,4,37,6,79,6030,Declining
5.3,6,27,6,88,4698,Declining
5.5,7,67,10,87,7557,Declining
4.6,9,27,7,87,5730,Declining
6.7,6,86,6,81,11282,Improving
5.2,7,20,3,77,4607,Stable
5.9,6,51,6,82,7490,Stable
7.2,5,39,8,76,6737,Declining
5.0,7,55,5,76,8455,Stable
5.2,4,74,9,90,11691,Declining
5.5,5,38,5,78,6717,Declining
6.1,5,64,5,74,9540,Stable
4.8,6,76,6,78,9054,Stable
5.6,7,74,6,80,10411,Stable
6.0,5,74,7,79,8661,Stable
7.5,4,45,5,76,6468,Stable
6.3,8,60,4,84,8090,Improving
6.2,4,38,6,83,6359,Declining
7.2,5,44,7,74,6261,Stable
6.8,3,47,5,83,6310,Declining
7.9,3,37,10,89,6109,Declining
7.9,4,58,3,84,8133,Improving
7.0,7,39,6,82,5370,Stable
4.5,6,51,5,77,7431,Declining
8.4,7,70,4,76,11272,Improving
5.5,3,38,3,75,5668,Declining
7.7,4,10,5,73,3237,Declining
5.5,1,73,3,75,9013,Declining
6.4,6,33,4,75,5533,Stable
6.6,10,10,8,83,4011,Stable
7.1,2,16,6,82,3179,Declining
7.2,2,70,5,85,7560,Stable
5.0,5,47,4,84,6044,Declining
5.4,2,42,2,76,6809,Declining
4.5,3,65,3,76,9398,Declining
7.5,10,12,8,82,4414,Stable
4.5,8,34,7,88,5299,Declining
5.7,6,40,5,78,7617,Stable
8.0,5,51,3,69,8683,Improving
7.6,7,42,2,69,8141,Improving
8.0,8,56,4,78,9022,Improving
6.1,7,30,1,75,8044,Improving
6.7,9,46,5,78,8050,Improving
6.3,6,41,5,79,6695,Stable
5.3,4,97,10,95,11437,Declining
6.6,4,16,7,87,2530,Declining
4.8,5,35,8,90,5465,Declining
7.6,5,50,8,78,8616,Stable
6.4,4,41,2,70,7641,Stable
4.9,6,57,5,78,7871,Declining
6.8,4,55,10,88,5188,Declining
4.5,10,55,5,86,7595,Stable
8.5,9,51,4,72,9129,Improving
7.6,6,19,6,76,4352,Stable
6.3,5,57,8,82,9255,Declining
7.3,8,30,8,74,7419,Stable
5.1,6,29,6,83,5967,Declining
7.7,5,43,3,73,6321,Improving
6.0,6,90,5,76,12068,Improving
4.5,8,85,3,72,9980,Improving
5.3,7,34,8,85,4992,Declining
7.6,8,11,1,71,6050,Improving
6.7,5,77,6,81,8403,Stable
4.5,8,49,7,85,5757,Declining
6.7,4,28,7,83,5598,Declining
6.6,7,31,4,88,3810,Stable
7.4,6,32,9,83,3024,Declining
7.2,5,75,10,84,7656,Stable
4.5,3,46,6,78,4624,Declining
6.4,5,79,7,90,8890,Stable
4.8,2,18,4,79,4253,Declining
5.4,6,67,6,82,8972,Stable
6.1,3,60,8,90,5286,Declining
5.4,8,102,6,76,12374,Improving
5.8,4,50,5,83,7848,Declining
8.3,8,62,4,71,9305,Improving
6.9,3,47,3,75,7511,Stable
8.0,5,46,7,79,9731,Stable
6.6,6,41,3,77,8039,Improving
6.3,7,33,6,76,7664,Stable
7.3,5,40,7,75,7426,Stable
7.1,5,34,4,87,7186,Stable
5.4,5,29,6,87,5724,Declining
8.9,9,52,5,71,8579,Improving
6.7,8,62,3,75,10106,Improving
6.2,4,69,1,69,8676,Improving
4.7,7,58,3,85,8746,Stable
5.2,5,54,4,81,7462,Stable
6.2,5,54,4,73,7835,Stable
6.7,3,64,10,82,6654,Declining
5.0,3,41,3,71,5817,Declining
5.5,8,81,5,80,11376,Improving
6.8,6,15,5,81,4760,Stable
6.5,9,85,9,84,10000,Improving
6.1,10,34,8,75,5890,Stable
6.2,9,85,8,78,10773,Improving
6.5,7,34,4,77,5711,Stable
5.1,8,49,3,73,8417,Improving
6.6,3,29,9,82,3834,Declining
7.9,4,39,7,74,6316,Stable
5.8,4,32,6,83,4704,Declining
5.6,4,55,1,71,8362,Stable
5.2,5,44,4,74,6871,Declining
7.6,6,59,7,77,8163,Stable
5.6,7,29,5,79,6455,Stable
7.1,3,39,5,79,5647,Declining
6.5,8,55,4,67,8703,Improving
5.9,7,27,7,83,5623,Declining
5.8,2,41,7,82,6094,Declining
5.2,10,68,7,79,10254,Stable
6.8,5,91,5,72,8434,Improving
7.1,6,66,3,77,7711,Improving
7.0,10,52,7,87,8752,Improving
6.6,4,25,4,80,5605,Declining
5.0,7,48,5,81,7698,Stable
6.7,9,50,2,68,8452,Improving
6.0,4,61,10,81,7411,Declining
8.0,5,29,3,79,5348,Improving
8.6,6,48,9,82,5144,Stable
7.7,4,30,9,82,5600,Declining
5.5,6,40,8,84,6808,Declining
8.3,6,57,7,73,7667,Improving
5.4,3,22,6,94,1890,Declining
6.3,3,40,4,83,4446,Declining
7.5,6,31,1,70,6445,Improving
5.5,6,74,5,81,9461,Stable
5.9,2,36,3,79,5858,Declining
6.6,5,45,7,82,7338,Declining
6.2,5,31,3,85,3415,Stable
7.7,7,56,5,78,9848,Improving
4.8,7,68,9,91,8707,Declining
5.7,8,43,7,87,7152,Stable
8.7,3,54,6,74,8756,Stable
6.7,8,16,8,82,5001,Declining
7.0,9,25,7,85,4911,Stable
4.5,4,50,6,86,5596,Declining
7.0,7,44,5,79,7119,Improving
5.6,2,57,5,76,6827,Declining
8.5,6,22,7,76,5858,Stable
5.6,8,52,5,74,8465,Stable
5.9,8,51,3,78,9856,Improving
5.8,7,38,6,77,4737,Stable
6.4,7,29,5,80,4835,Stable
5.5,9,42,10,74,7666,Declining
8.1,4,19,8,86,2995,Declining
5.8,6,83,1,69,11598,Improving
8.1,4,58,4,69,9247,Improving
6.9,5,33,5,68,5536,Stable
7.1,1,47,7,80,6567,Declining
5.7,6,64,7,88,8073,Stable
5.1,6,72,5,87,8883,Stable
8.0,5,10,7,80,3596,Declining
6.4,7,35,10,89,6388,Declining
5.5,3,61,2,77,7806,Stable
6.7,8,40,8,85,8190,Stable
7.7,7,57,6,75,7385,Improving
6.0,5,20,6,85,5848,Declining
6.3,5,36,9,83,4068,Declining
4.9,7,50,6,81,8794,Declining
7.3,8,56,3,77,8518,Improving
6.7,4,60,5,74,5181,Stable
7.3,7,39,5,71,5352,Improving
6.4,7,27,5,82,4145,Stable
8.7,6,29,2,64,6287,Improving
5.7,7,45,6,87,6919,Stable
7.0,4,15,6,82,3779,Declining
8.0,8,42,5,71,7386,Improving
6.5,4,46,2,70,6398,Stable
6.6,6,52,7,77,7522,Stable
7.4,6,10,6,80,3183,Stable
5.8,6,33,9,85,4688,Declining
7.0,6,22,5,74,5247,Stable
6.8,7,43,6,80,7521,Stable
5.1,3,14,6,89,6300,Declining
7.8,5,46,5,77,7638,Improving
6.1,8,45,6,87,7592,Stable
7.1,7,12,5,82,5746,Stable
8.2,10,48,5,68,9935,Improving
7.8,10,38,3,80,6763,Improving
7.3,5,73,4,71,8548,Improving
4.9,5,24,7,81,5278,Declining
5.8,8,37,6,77,7114,Stable
5.3,8,66,4,70,9053,Improving
6.6,8,33,7,82,7833,Stable
6.1,9,62,5,81,9480,Improving
5.7,7,67,7,73,8305,Stable
6.5,7,64,10,84,9327,Declining
7.9,3,49,7,80,7376,Stable
7.9,10,53,6,76,8509,Improving
6.3,5,29,5,79,4477,Declining
6.6,8,75,9,78,9589,Stable
6.0,8,34,1,76,7300,Improving
6.9,2,47,10,75,4612,Declining
7.1,6,68,7,82,9082,Stable
6.0,6,28,10,83,5379,Declining
6.8,6,57,5,84,6614,Improving
8.1,2,75,3,78,11086,Improving
6.3,5,38,7,78,5474,Declining
9.0,6,37,6,70,5980,Improving
7.1,5,106,7,74,11950,Improving
6.6,8,55,8,83,8678,Stable
8.3,7,32,1,71,6544,Improving
6.8,4,58,9,88,6083,Declining
4.5,4,49,10,93,7370,Declining
7.0,6,15,4,73,4712,Stable
6.9,6,41,6,83,8622,Stable
6.5,4,57,1,70,8142,Improving
7.1,7,54,5,80,6795,Improving
5.8,10,48,5,75,7870,Improving
6.3,5,50,6,76,7527,Stable
5.9,8,10,3,82,5085,Stable
6.9,5,32,7,79,6017,Declining
7.0,6,27,7,91,6312,Declining
7.0,4,12,3,77,4134,Stable
6.5,6,41,3,80,6277,Improving
6.4,5,33,1,70,7705,Improving
7.1,5,40,9,78,6382,Declining
7.0,9,38,6,80,6620,Improving
7.5,6,46,9,76,5533,Stable
7.4,7,60,5,76,8610,Improving
5.9,6,43,8,79,4550,Declining
5.4,6,68,6,84,9472,Stable
5.9,6,78,9,89,9213,Declining
7.6,6,29,1,80,5531,Improving
6.4,5,31,6,78,4502,Declining
6.8,5,34,7,84,7168,Declining
6.1,5,81,7,80,10120,Stable
5.6,5,43,2,75,5167,Stable
7.3,6,56,1,67,8392,Improving
6.4,6,94,3,78,10314,Improving
6.8,3,57,5,84,7302,Stable
7.5,5,61,3,79,7878,Improving
4.5,7,92,10,93,10503,Declining
5.6,3,36,10,90,4891,Declining
6.9,2,26,6,86,5694,Declining
5.1,5,59,2,79,7653,Stable
7.7,6,73,7,80,8090,Improving
5.2,7,62,4,75,9632,Stable
7.2,3,96,6,77,9603,Improving
6.6,7,51,6,85,9040,Stable
4.7,5,24,2,72,3426,Declining
5.8,5,65,1,72,9598,Improving
7.3,6,21,4,76,3544,Stable
8.5,5,93,6,67,9350,Improving
5.9,4,49,6,75,6111,Declining
8.0,7,44,1,67,7073,Improving
7.2,8,24,1,72,4902,Improving
6.2,6,72,9,81,9202,Declining
5.9,5,34,4,72,7163,Stable
6.7,8,82,3,73,11211,Improving
6.8,7,60,8,74,8556,Stable
4.5,4,32,4,86,4752,Declining
6.6,3,40,4,73,6471,Declining
5.4,5,98,10,80,11264,Declining
7.9,6,38,6,77,5709,Stable
5.5,7,24,5,87,4865,Declining
7.0,6,65,7,82,7556,Stable
8.0,7,86,4,66,9807,Improving
6.3,10,40,6,81,7229,Improving
7.0,3,38,2,71,5325,Stable
6.7,6,43,10,79,6037,Declining
7.5,6,10,9,90,2735,Declining
7.1,5,48,6,80,4737,Stable
9.0,7,61,8,83,8824,Improving
6.8,9,31,10,86,6245,Declining
7.2,4,41,7,80,4048,Declining
5.9,9,44,5,83,7471,Improving
5.9,6,43,6,83,7301,Declining
6.3,6,30,2,70,5975,Stable
5.8,5,89,6,76,10663,Stable
5.6,7,34,4,79,7188,Stable
6.7,10,66,5,73,9649,Improving
6.7,6,76,1,68,9927,Improving
7.6,8,27,6,80,6647,Improving
4.5,9,33,9,88,5774,Declining
8.2,8,39,3,71,7578,Improving
6.8,10,49,2,71,6693,Improving
8.3,10,10,5,67,6263,Improving
8.3,9,49,1,67,8774,Improving
6.0,6,55,7,83,6953,Declining
4.5,10,47,8,81,9297,Declining
7.5,5,63,4,68,7492,Improving
7.3,6,56,5,81,7773,Improving
5.8,6,51,7,81,6538,Declining
7.2,7,34,6,74,8005,Stable
6.3,4,48,10,78,6497,Declining
6.3,6,52,5,71,8028,Stable
4.9,5,73,5,80,8542,Stable
6.5,3,58,7,82,6820,Declining
6.7,9,28,7,77,6460,Stable
6.7,2,61,6,80,7580,Declining
5.6,4,64,3,76,8142,Stable
5.1,6,90,10,88,8679,Declining
6.4,9,45,6,75,6550,Improving
5.1,8,68,5,85,9997,Stable
4.5,6,76,10,92,8493,Declining
7.2,4,34,8,77,5545,Declining
5.9,3,52,9,87,6860,Declining
6.4,4,84,4,71,9620,Improving
6.6,7,61,2,76,7570,Improving
6.5,5,21,7,82,2646,Declining
7.9,7,44,3,70,7056,Improving
8.0,6,20,8,83,4349,Stable
5.7,6,33,1,79,6039,Stable
7.4,4,48,6,83,5864,Stable
8.7,8,55,2,72,8445,Improving
5.6,6,50,9,80,8708,Declining
7.4,5,25,9,84,3967,Declining
5.4,5,49,8,88,7119,Declining
7.6,4,59,6,74,7286,Stable
6.3,7,58,5,84,8522,Improving
6.0,10,31,2,79,9585,Improving
7.1,5,29,7,79,5553,Declining
8.0,7,72,7,82,9983,Improving
7.3,5,56,10,89,6660,Declining
6.1,4,23,3,78,6622,Declining
8.7,8,43,9,81,5706,Improving
7.1,7,63,8,81,8985,Stable
7.0,3,57,6,75,6247,Stable
7.0,5,50,7,77,7438,Stable
7.6,7,10,5,81,3691,Stable
8.6,7,53,7,79,6905,Improving
8.5,2,54,6,77,5887,Stable
5.9,4,47,7,87,6362,Declining
7.5,7,49,8,78,7427,Stable
4.9,7,30,6,81,6280,Declining
5.2,4,24,9,81,4479,Declining
9.0,5,57,8,82,5939,Improving
6.2,3,50,4,75,7874,Declining
5.7,5,31,2,81,5632,Stable
5.5,5,39,9,91,6205,Declining
7.5,4,60,5,78,7978,Stable
8.6,6,51,5,77,8392,Improving
8.0,6,49,7,82,8495,Stable
5.4,3,66,6,77,7650,Declining
8.2,4,69,6,78,8648,Improving
6.4,7,38,4,81,6234,Stable
6.6,8,59,6,82,7165,Improving
5.8,5,42,6,79,6042,Declining
8.0,3,22,4,77,3116,Stable
6.4,4,58,4,78,7753,Stable
5.9,4,109,7,75,10775,Stable
4.9,5,34,4,80,7440,Declining
5.2,6,33,9,87,2892,Declining
6.9,3,57,5,80,5796,Stable
6.9,7,48,1,67,8611,Improving
6.8,4,33,1,70,7017,Improving
6.5,7,43,5,74,8451,Stable
9.0,8,41,2,69,5963,Improving
4.5,9,60,8,89,7965,Declining
5.6,4,36,5,81,3376,Declining
4.5,7,74,1,69,9803,Improving
7.6,8,28,5,76,5369,Improving
6.0,6,63,10,86,7131,Declining
5.9,9,55,1,72,8555,Improving
8.1,2,60,7,78,6963,Stable
6.4,5,90,6,76,11218,Improving
8.4,6,65,4,72,8457,Improving
7.0,4,52,3,76,5974,Improving
6.7,5,42,4,68,5228,Stable
9.0,7,33,9,83,4528,Stable
6.2,2,30,8,79,4757,Declining
5.6,5,49,6,76,6937,Declining
7.3,6,64,5,74,8505,Improving
6.4,4,83,5,75,8759,Stable
6.9,5,62,8,88,8531,Stable
5.8,6,17,4,75,5670,Declining
5.7,4,74,5,80,8382,Stable
7.1,4,73,5,80,8351,Improving
6.8,9,65,10,92,9512,Stable
7.8,5,32,1,66,6356,Improving
6.5,3,14,8,94,4543,Declining
5.6,8,75,5,81,9009,Improving
6.2,4,30,6,81,3828,Declining
5.0,8,21,6,81,6461,Declining
5.6,5,10,8,94,3779,Declining
5.9,4,51,6,83,6288,Declining
7.1,8,52,5,78,9696,Improving
5.8,8,45,1,76,6301,Improving
5.4,3,29,7,86,6245,Declining
7.9,5,10,5,71,4047,Stable
6.2,3,75,7,81,7812,Declining
6.7,7,51,3,72,7273,Improving
6.1,5,15,7,79,3186,Declining
8.7,6,29,5,82,4729,Improving
7.0,6,10,3,79,4821,Stable
8.0,4,16,2,93,7188,Improving
8.3,4,62,9,80,7758,Stable
7.0,2,75,9,80,8463,Declining
8.5,7,38,8,78,5536,Stable
8.3,5,64,7,75,8462,Improving
6.3,3,42,6,78,6286,Declining
6.7,7,25,8,83,4981,Declining
6.2,7,25,5,83,5313,Stable
6.3,3,36,5,73,5834,Declining
6.3,7,29,6,84,5625,Stable
6.8,7,35,4,74,7248,Improving
6.4,4,10,2,78,6078,Stable
6.6,5,76,6,73,8907,Stable
6.4,7,42,8,85,6198,Declining
5.2,7,18,7,86,3481,Declining
5.9,6,29,2,80,5435,Stable
6.6,6,29,4,78,5253,Stable
5.2,9,53,5,78,8101,Stable
6.9,6,53,5,76,6240,Stable
6.8,3,42,1,74,5857,Stable
4.5,7,60,6,78,8180,Declining
6.3,3,28,2,72,6076,Stable
4.8,3,37,5,87,5197,Declining
6.9,6,23,8,87,4966,Declining
7.5,6,28,6,87,6694,Stable
6.6,7,31,7,82,5945,Stable
7.1,8,48,7,77,8480,Stable
6.1,7,52,3,67,6961,Improving
5.4,7,58,6,79,7176,Stable
6.3,8,83,1,66,10559,Improving
4.5,7,58,5,79,7982,Stable
7.2,4,13,3,77,2368,Stable
5.7,6,48,3,77,6450,Stable
6.1,6,63,7,82,7615,Stable
6.7,6,32,9,88,5839,Declining
5.3,5,53,9,94,6091,Declining
6.5,3,55,1,76,7471,Improving
7.5,5,44,8,79,7263,Stable
8.3,2,65,6,78,7202,Stable
5.8,7,40,7,83,7237,Declining
8.5,4,46,5,68,5874,Improving
7.1,8,37,6,70,6580,Improving
5.9,5,32,7,89,4913,Declining
6.0,5,36,6,77,5400,Declining
7.2,3,10,4,81,3309,Declining
9.0,4,49,4,77,7706,Improving
8.0,4,24,5,73,5032,Stable
6.2,5,113,6,74,9893,Improving
5.9,7,44,2,75,8981,Improving
6.1,5,46,10,74,5990,Declining
4.5,4,10,4,87,3647,Declining
6.0,8,75,4,78,10918,Improving
5.2,8,50,8,82,7354,Declining
7.5,3,42,8,80,4460,Declining
6.4,4,53,6,79,8385,Declining
6.9,7,82,10,84,8360,Stable
5.5,6,25,5,74,5447,Declining
7.7,10,61,5,79,8997,Improving
6.8,6,16,6,86,3933,Declining
7.1,8,66,7,73,9237,Improving
4.9,6,40,5,75,7699,Declining
4.5,6,10,3,80,4702,Declining
7.0,9,72,3,71,9446,Improving
7.7,6,37,6,82,6031,Stable
7.1,6,29,5,80,4164,Stable
5.8,6,64,6,84,8159,Stable
7.0,4,29,9,91,2926,Declining
6.6,6,42,5,74,6664,Stable
8.1,3,46,6,81,7085,Stable
7.1,4,110,4,75,12791,Improving
4.5,5,41,6,83,6967,Declining
5.9,5,10,6,86,3692,Declining
7.6,8,17,7,84,4822,Stable
5.7,6,53,7,74,8748,Declining
6.6,6,40,6,82,7122,Stable
9.0,1,15,9,82,2535,Declining
7.3,4,45,6,87,5800,Stable
7.6,9,58,6,76,8074,Improving
6.5,8,23,5,76,6113,Stable
7.1,7,26,4,72,5002,Improving
4.7,6,55,4,82,6576,Stable
5.7,8,45,10,95,6891,Declining
8.1,2,43,5,76,5816,Stable
7.0,6,10,6,76,1852,Declining
5.9,8,27,5,80,4548,Stable
6.1,6,17,4,77,4703,Stable
7.0,5,80,8,78,10674,Stable
6.3,7,52,4,75,7510,Improving
8.0,8,72,5,82,8186,Improving
6.3,3,82,4,77,11342,Stable
7.9,9,61,1,69,11938,Improving
5.5,8,50,3,72,8535,Improving
5.8,7,13,10,91,3608,Declining
6.9,6,28,9,92,5401,Declining
7.2,5,86,5,80,10364,Improving
6.8,4,10,8,77,1500,Declining
5.6,6,32,8,82,6338,Declining
7.5,4,55,4,80,8853,Improving
5.3,6,16,7,85,5273,Declining
7.5,6,71,2,72,9235,Improving
5.1,5,51,6,81,9307,Declining
7.0,5,24,3,83,5263,Stable
4.5,7,37,9,90,6517,Declining
6.2,7,62,9,81,8398,Declining
6.5,7,40,5,74,7639,Stable
9.0,6,46,3,74,5815,Improving
4.5,6,60,7,89,8821,Declining
7.0,8,43,3,71,8330,Improving
7.0,5,44,5,78,5765,Stable
7.0,4,62,5,79,6541,Stable
6.7,5,23,8,82,4112,Declining
5.8,3,10,8,84,3953,Declining
7.2,5,32,8,84,5247,Declining
5.1,5,24,5,85,6484,Declining
4.9,3,61,6,85,7865,Declining
7.8,5,63,6,83,9467,Improving
5.0,3,44,6,82,6264,Declining
6.7,6,56,4,78,8473,Improving
6.1,4,33,8,78,3559,Declining
6.8,8,54,6,74,8425,Improving
5.9,7,10,8,89,5015,Declining
6.0,8,47,5,79,7856,Stable
8.2,7,60,1,69,9934,Improving
7.3,2,10,9,82,2670,Declining
7.4,7,50,6,81,7917,Improving
7.3,10,41,4,73,8559,Improving
5.4,5,52,8,66,11821,Declining
5.4,4,47,6,86,5735,Declining
6.7,6,79,4,71,9833,Improving
7.4,3,71,9,78,9476,Declining
6.2,7,29,9,77,4320,Declining
6.7,3,63,4,67,11815,Stable
7.4,7,27,7,78,5473,Stable
5.3,6,74,7,84,10346,Stable
8.0,5,65,4,70,8611,Improving
4.5,3,34,5,77,5775,Declining
5.8,6,68,8,84,8476,Declining
7.4,7,57,10,84,8803,Stable
7.5,7,87,2,70,10744,Improving
7.2,6,98,2,68,11881,Improving
5.9,5,37,2,67,5971,Stable
5.9,9,28,4,77,6330,Stable
7.6,1,44,3,74,6506,Stable
5.3,9,69,5,79,10120,Improving
9.0,2,48,2,69,7559,Improving
4.8,8,19,8,82,4897,Declining
5.8,3,29,7,78,5739,Declining
6.5,3,42,4,80,5980,Declining
7.7,8,21,3,85,4650,Improving
7.0,5,58,7,83,6497,Stable
6.1,9,28,8,77,5902,Declining
6.7,4,44,9,88,6254,Declining
6.1,3,25,10,78,4774,Declining
6.7,6,29,4,73,4795,Stable
6.8,6,49,5,80,6428,Stable
7.5,7,24,6,81,4475,Stable
8.6,6,53,6,70,7287,Improving
6.1,4,10,4,80,4205,Declining
7.2,7,41,8,80,4863,Stable
6.2,8,61,5,77,9372,Improving
7.1,7,42,7,77,6466,Stable
6.1,6,109,6,73,13216,Improving
6.9,8,78,6,80,10847,Improving
7.2,6,20,7,87,4162,Declining
9.0,4,85,6,78,8933,Improving
6.6,8,39,6,73,6989,Stable
6.6,5,10,6,86,5062,Declining
7.8,1,35,7,73,2913,Declining
7.1,4,34,5,83,5054,Stable
6.6,3,16,6,79,3435,Declining
6.7,8,10,4,87,4556,Stable
8.1,8,84,7,76,9777,Improving
7.0,5,63,5,80,7069,Improving
8.3,4,39,8,86,5350,Stable
7.4,7,75,7,79,9145,Improving
4.6,6,52,4,77,6333,Declining
4.5,4,92,8,80,10882,Declining
6.9,4,46,9,89,5361,Declining
6.4,4,48,5,81,7453,Stable
6.7,8,46,5,75,6333,Improving
7.3,7,37,2,73,7993,Improving
7.5,5,79,4,76,10045,Improving
5.7,8,57,6,82,7909,Stable
8.0,7,53,5,74,7174,Improving
7.4,6,45,8,78,7150,Stable
5.4,9,26,7,80,5240,Declining
4.5,5,31,7,89,4843,Declining
7.0,5,34,6,77,4447,Stable
7.2,6,22,5,80,5732,Stable
6.0,8,10,5,83,4357,Stable
5.1,2,78,9,87,9267,Declining
6.8,4,16,3,79,3592,Stable
8.4,5,63,7,83,8224,Improving
7.7,6,31,9,80,2258,Declining
7.0,5,30,6,80,3695,Declining
7.1,7,22,3,75,5199,Improving
6.5,4,101,4,72,10722,Improving
5.4,6,78,7,73,10624,Stable
6.4,7,16,5,83,5052,Stable
7.1,7,42,5,80,8313,Improving
6.0,5,39,6,72,6306,Declining
4.5,4,49,7,89,7118,Declining
6.3,6,54,1,70,8335,Improving
5.4,8,56,3,74,9967,Improving
5.5,4,50,8,86,5635,Declining
7.9,4,28,4,85,5205,Stable
8.4,9,52,4,72,8586,Improving
7.1,3,41,6,84,5954,Declining
6.3,6,64,7,87,8566,Stable
6.0,7,73,7,81,8366,Stable
4.5,9,65,8,84,10646,Declining
7.5,5,53,10,86,7157,Declining
5.5,4,33,5,85,5728,Declining
6.3,4,73,9,78,7981,Declining
7.0,6,24,10,94,4727,Declining
6.1,8,49,8,81,6682,Stable
6.4,7,49,4,78,9521,Improving
4.8,7,71,6,80,11020,Stable
6.5,3,73,3,80,7976,Stable
6.5,3,29,5,82,5374,Declining
7.8,3,67,3,72,2244,Improving
6.3,7,26,8,90,6592,Declining
5.8,8,39,7,87,5863,Stable
4.7,6,34,6,86,4900,Declining
4.6,8,46,7,82,7322,Declining
5.9,7,73,5,80,9290,Improving
5.6,6,33,4,78,7339,Stable
8.8,7,71,8,76,9474,Improving
7.4,8,48,9,80,7747,Stable
5.5,9,63,2,73,11192,Improving
9.0,10,80,10,77,10245,Improving
6.2,6,26,5,77,4908,Declining
5.3,9,53,7,82,6408,Stable
7.4,5,44,10,85,5795,Declining
4.9,6,76,10,87,8835,Declining
7.0,6,88,4,79,12638,Improving
6.5,8,57,9,84,6907,Stable
7.4,8,44,9,87,6026,Stable
7.4,7,75,7,70,12044,Improving
6.2,8,51,5,77,8327,Improving
8.3,3,74,1,68,9507,Improving
5.8,4,39,6,75,4938,Declining
6.0,4,49,7,81,7600,Declining
8.2,7,57,10,88,6983,Stable
6.3,5,28,8,79,6047,Declining
6.2,6,18,9,89,4548,Declining
7.1,6,42,4,78,6459,Improving
7.0,5,10,2,81,2930,Stable
6.4,4,57,7,83,7467,Declining
8.1,6,67,7,73,8388,Improving
4.8,9,51,3,78,8019,Improving
7.7,6,32,3,77,5939,Improving
4.5,6,11,10,90,3946,Declining
5.5,5,25,8,89,3810,Declining
8.9,4,73,9,84,8355,Stable
7.6,6,28,10,89,7795,Declining
5.0,8,75,2,86,10908,Improving
6.1,5,25,8,86,5031,Declining
6.4,6,26,6,80,4780,Declining
6.0,6,50,6,80,6747,Stable
8.2,4,54,4,74,7725,Improving
5.3,7,94,6,74,11652,Improving
7.9,9,46,5,80,8346,Improving
8.3,6,42,1,65,8127,Improving
4.7,3,50,5,87,6080,Declining
5.3,7,36,7,83,6607,Declining
5.8,4,54,8,86,7024,Declining
6.3,5,60,8,83,7157,Declining
7.0,6,75,6,74,10823,Improving
6.6,5,10,5,73,3453,Declining
6.7,9,36,6,80,6916,Improving
4.5,4,65,2,68,11504,Stable
7.6,10,41,5,76,7869,Improving
7.1,4,62,3,72,8159,Improving
6.2,8,52,5,73,8647,Improving
5.0,7,50,4,81,8026,Stable
6.6,7,21,5,77,6273,Stable
7.1,5,47,5,80,5873,Stable
6.0,6,82,8,79,9604,Stable
6.0,4,61,10,84,8210,Declining
7.1,4,47,7,86,5623,Declining
6.3,4,49,7,82,4048,Declining
5.6,6,75,4,76,11227,Improving
7.6,6,69,8,77,7875,Stable
8.0,6,27,3,72,5055,Improving
6.0,8,38,7,78,6714,Stable
8.4,7,39,4,74,7844,Improving
7.3,9,16,5,77,6651,Improving
5.2,5,61,5,74,8499,Declining
6.4,6,59,2,76,9671,Improving
7.3,6,10,3,76,4256,Stable
7.6,5,48,5,78,6167,Stable
6.8,7,21,5,81,5128,Stable
6.5,5,29,8,90,5037,Declining
5.4,2,67,8,88,8872,Declining
6.6,4,68,8,84,8105,Declining
8.0,6,45,9,78,6478,Stable
8.3,4,45,7,83,6548,Stable
7.6,5,48,7,79,7364,Stable
6.2,5,10,5,85,5213,Declining
7.8,4,33,5,80,4404,Stable
4.5,7,40,2,76,7193,Stable
6.2,5,48,10,90,7681,Declining
7.3,7,48,1,70,9474,Improving
5.4,4,100,1,68,12766,Improving
6.2,8,57,5,79,8087,Improving
6.9,8,27,1,78,6382,Improving
7.8,9,46,3,68,9626,Improving
4.5,7,15,3,70,5175,Declining
6.8,7,65,6,76,9075,Improving
7.4,4,10,6,86,3405,Declining
7.0,8,39,7,79,7344,Stable
7.8,6,35,7,68,5818,Stable
4.7,5,37,8,90,4294,Declining
5.6,5,84,3,73,9530,Improving
6.8,7,65,5,72,8372,Improving
6.4,7,22,9,79,3917,Declining
6.4,8,39,8,84,4554,Stable
7.3,4,41,2,72,7240,Improving
6.9,7,55,6,79,8043,Improving
7.2,7,41,9,82,4694,Stable
5.7,9,54,3,72,10983,Improving
5.9,5,44,7,82,8985,Declining
7.0,4,59,5,76,6391,Stable
4.8,9,18,5,91,6179,Declining
7.1,4,28,9,89,3970,Declining
8.4,8,50,5,70,8345,Improving
5.5,7,49,4,73,5680,Stable
4.5,4,26,1,76,5139,Declining
6.1,7,24,3,73,5378,Stable
6.3,5,36,4,85,6513,Stable
5.7,7,12,9,88,4214,Declining
7.4,7,24,2,76,5206,Improving
7.8,6,26,3,78,6293,Improving
7.3,6,77,6,79,9380,Improving
7.3,7,86,8,77,10967,Improving
8.3,6,66,7,78,8125,Improving
5.9,7,76,8,76,8839,Stable
5.5,3,23,10,88,3176,Declining
7.4,6,53,8,87,7393,Stable
6.6,6,25,4,78,6154,Stable
7.9,9,62,5,75,7239,Improving
5.5,10,50,4,83,7353,Improving
6.9,4,48,1,67,7523,Improving
6.6,4,14,5,80,4655,Declining
6.3,7,55,3,82,9666,Improving
6.0,4,25,1,66,5610,Stable
5.0,6,50,7,84,5939,Declining
7.8,4,20,5,81,4360,Stable
7.0,8,37,9,78,6180,Stable
5.7,8,46,6,78,7076,Stable
7.5,2,58,5,82,7260,Stable
7.4,4,44,1,76,6693,Improving
7.5,7,41,9,79,5970,Stable
6.5,8,55,10,86,8063,Declining
5.4,7,30,2,82,6306,Stable
6.9,6,28,6,81,5632,Stable
7.0,9,10,4,74,4464,Improving
7.1,7,10,6,84,3078,Stable
6.6,6,80,9,76,8605,Stable
6.1,3,39,6,79,5506,Declining
8.2,7,57,6,76,8227,Improving
8.4,6,67,10,76,8417,Stable
8.2,5,81,7,84,9213,Improving
4.5,6,18,2,87,2957,Declining
6.8,8,22,9,86,3758,Declining
8.0,6,26,7,81,6782,Stable
6.2,7,43,9,80,5881,Declining
8.2,4,90,10,77,9595,Stable
7.3,9,44,1,75,8726,Improving
6.7,6,36,8,84,6725,Declining
7.1,2,24,4,74,3570,Declining
8.2,1,31,1,70,5032,Stable
5.5,4,54,4,80,5312,Declining
5.2,6,10,2,85,5340,Declining
6.7,7,33,8,92,6923,Declining
8.5,8,46,4,72,7305,Improving
6.7,7,35,10,86,5672,Declining
7.4,4,36,6,82,5447,Stable
7.8,5,65,9,86,9429,Stable
6.6,5,36,6,79,6868,Declining
5.5,3,10,10,90,3121,Declining
6.3,6,56,7,81,6702,Stable
6.9,6,42,9,80,5750,Declining
8.6,4,68,5,70,9349,Improving
7.3,3,69,6,75,8833,Stable
7.9,4,18,2,65,6508,Improving
8.9,5,91,5,76,12024,Improving
6.4,4,27,6,87,5023,Declining
6.9,4,56,5,76,8237,Stable
5.4,5,39,4,81,5942,Declining
6.6,8,44,3,74,8216,Improving
5.4,8,60,8,93,8312,Stable
6.4,6,35,1,75,6282,Improving
7.4,5,55,8,81,6657,Stable
7.5,7,68,1,65,9767,Improving
7.1,7,41,10,82,6048,Declining
7.6,5,38,7,78,5667,Stable
8.3,7,55,9,89,6314,Stable
7.3,6,70,8,74,8572,Stable
8.0,5,54,7,83,7400,Stable
6.2,4,13,5,93,3731,Declining
5.5,9,14,7,90,5891,Declining
5.7,8,38,6,83,7751,Stable
6.1,7,48,5,84,7288,Stable
6.6,4,32,3,74,4717,Stable
7.7,9,88,4,77,11687,Improving
5.5,9,67,6,78,9236,Improving
7.6,6,58,6,84,7136,Improving
5.4,6,35,2,73,5574,Stable
6.8,1,54,8,87,6101,Declining
5.6,7,37,6,84,4545,Declining
5.2,3,26,7,83,3219,Declining
6.0,5,44,2,70,6380,Stable
5.9,6,36,5,80,6459,Stable
6.4,8,56,8,84,7310,Stable
5.3,2,65,6,78,6883,Declining
7.3,1,48,5,81,6093,Declining
5.1,4,34,2,77,7381,Declining
7.7,5,44,6,83,6312,Stable
6.5,7,45,6,86,6933,Stable
8.9,6,22,4,76,4728,Improving
5.7,6,51,6,83,10629,Stable
6.1,7,24,6,82,6226,Declining
7.4,7,64,3,66,9387,Improving
6.7,6,55,7,82,6937,Stable
8.2,5,26,3,74,6308,Improving
5.3,4,56,2,74,8374,Stable
6.4,7,17,1,77,6513,Improving
8.3,6,77,9,83,8742,Improving
7.4,5,24,3,77,5017,Stable
8.5,6,15,4,77,5596,Improving
6.8,9,88,7,81,10235,Improving
7.7,9,21,9,82,3977,Stable
8.1,6,19,5,76,4720,Stable
7.0,8,47,1,72,8826,Improving
6.1,5,34,9,81,4503,Declining
5.8,6,39,6,75,5441,Declining
7.2,5,63,2,68,4986,Improving
6.0,8,80,6,75,8198,Improving
6.8,7,20,9,89,4744,Declining
6.8,7,36,5,82,6623,Stable
7.0,6,52,6,72,6066,Stable
7.0,6,39,4,74,4928,Improving
7.0,6,36,4,76,6198,Stable
6.7,7,59,7,78,9554,Stable
5.9,8,31,1,77,6324,Improving
4.5,3,48,3,77,7036,Declining
6.9,7,43,10,85,7249,Declining
6.2,5,42,6,79,5770,Declining
6.2,6,52,8,86,6395,Declining
8.5,8,67,6,67,7331,Improving
6.3,5,68,3,74,8145,Improving
5.6,3,54,1,77,7972,Stable
5.4,8,45,3,72,6210,Improving
6.5,6,90,7,82,11160,Improving
7.1,8,34,9,80,5326,Stable
7.9,5,40,6,78,6031,Stable
6.2,7,39,7,81,6563,Stable
4.7,2,44,6,87,6638,Declining
7.6,6,49,6,79,5614,Improving
7.3,5,56,4,72,7236,Improving
6.2,6,49,4,77,7958,Stable
6.5,5,83,6,76,8055,Stable
6.4,3,36,7,91,4540,Declining
5.4,3,54,8,74,7452,Declining
6.9,2,46,6,78,5099,Declining
4.5,5,46,8,91,5550,Declining
5.2,8,46,10,80,7279,Declining
7.9,3,10,1,75,4420,Stable
5.9,4,31,7,87,4842,Declining
7.7,5,46,8,81,7710,Stable
6.1,5,12,3,72,3636,Declining
5.0,5,43,7,81,6362,Declining
7.2,7,28,5,81,5336,Stable
6.6,4,63,10,83,6868,Declining
6.0,8,46,5,74,7757,Stable
7.5,6,49,7,85,7064,Stable
4.5,7,53,7,81,6898,Declining
4.9,5,29,5,80,5829,Declining
7.1,3,34,6,80,4963,Declining
6.7,10,54,3,74,8298,Improving
7.8,9,48,9,86,7975,Improving
7.1,7,57,4,87,7743,Improving
7.1,8,53,2,72,9210,Improving
6.9,7,39,6,84,7446,Stable
7.7,8,43,1,74,6752,Improving
7.1,6,69,5,80,8102,Improving
6.4,6,54,2,73,9053,Improving
8.0,5,34,8,83,5165,Stable
6.3,9,65,6,77,8430,Improving
6.4,8,26,2,79,5826,Improving
7.3,9,30,4,73,8437,Improving
8.7,5,58,3,69,7474,Improving
6.4,5,46,10,90,6803,Declining
6.1,4,50,10,81,6834,Declining
5.7,7,41,6,81,5676,Stable
6.4,7,23,6,79,4949,Stable
6.8,5,72,6,83,8488,Stable
5.6,6,40,5,84,6093,Declining
6.9,5,49,6,87,6431,Stable
6.4,5,34,6,78,5045,Declining
6.0,9,68,5,74,10038,Improving
5.5,8,61,8,87,9466,Stable
6.4,9,57,4,71,9373,Improving
7.4,3,10,7,79,3150,Declining
5.8,8,10,5,78,4901,Declining
8.0,5,39,6,75,6891,Stable
9.0,6,10,6,75,3990,Stable
8.3,4,90,5,72,11350,Improving
5.1,5,14,4,78,4110,Declining
6.3,6,52,2,68,8311,Improving
5.7,5,23,2,74,5355,Stable
7.5,7,10,4,84,5621,Stable
6.3,6,32,6,77,5048,Declining
7.7,5,38,10,82,4970,Declining
7.8,5,69,9,85,10499,Stable
6.7,3,54,9,83,6384,Declining
6.8,6,53,2,72,8311,Improving
5.7,6,10,6,76,3526,Declining
4.5,5,33,4,88,6599,Declining
5.8,5,70,9,83,7568,Declining
5.0,7,32,7,87,5916,Declining
5.4,10,32,4,77,7279,Improving
7.5,7,68,9,81,11123,Stable
7.0,5,66,4,77,7691,Improving
6.2,7,29,8,84,4918,Declining
7.8,5,39,10,88,5684,Declining
6.9,4,52,3,77,5823,Stable
6.5,7,41,5,83,6202,Stable
8.0,8,45,3,80,7939,Improving
5.9,5,34,10,91,5195,Declining
5.8,7,49,10,88,6610,Declining
6.7,7,46,5,82,8181,Improving
6.8,4,56,3,78,6882,Improving
6.3,9,34,5,78,6377,Improving
6.4,2,43,6,79,5709,Declining
6.7,9,51,8,75,7915,Stable
6.1,8,17,6,80,5266,Stable
5.7,5,41,9,89,5381,Declining
5.7,4,80,6,79,9810,Stable
6.8,7,64,9,84,7823,Stable
5.4,7,67,3,76,9219,Improving
5.4,7,10,6,88,3305,Declining
6.4,9,79,5,73,8098,Improving
6.1,7,31,4,76,5486,Stable
6.8,4,51,8,87,7080,Declining
5.3,6,91,7,71,9680,Stable
7.5,7,79,6,69,11345,Improving
7.3,6,48,5,78,6497,Improving
6.2,6,31,4,78,5783,Stable
6.4,7,25,2,73,6363,Improving
6.7,9,69,7,76,9175,Improving
4.5,4,50,9,80,6577,Declining
7.3,5,10,2,71,3685,Stable
5.5,5,24,6,79,4552,Declining
5.7,6,58,6,83,8232,Stable
5.3,4,58,5,82,8261,Declining
6.5,6,10,4,83,3474,Stable
4.7,6,42,7,83,6527,Declining
6.4,5,67,8,81,7282,Declining
9.0,9,10,6,82,2437,Improving
9.0,7,10,6,74,4383,Improving
7.1,5,34,8,85,6097,Declining
7.6,6,80,3,83,3922,Improving
6.7,5,30,2,76,4651,Stable
7.0,5,66,1,70,8720,Improving
7.2,3,47,5,71,6725,Stable
7.3,8,10,10,83,4316,Declining
7.1,5,71,7,82,9958,Stable
8.6,5,47,9,87,6182,Stable
7.6,4,42,7,87,4525,Stable
5.3,3,36,10,82,4025,Declining
5.9,8,56,6,88,8312,Stable
6.8,4,39,4,81,5664,Stable
6.7,5,52,5,77,7749,Stable
5.8,5,68,10,80,7445,Declining
6.8,4,27,3,76,4932,Stable
4.5,6,105,7,71,11445,Stable
6.8,10,39,3,66,6031,Improving
6.0,5,73,8,84,8104,Declining
6.2,3,68,7,77,6277,Declining
9.0,7,17,4,76,4722,Improving
6.8,5,18,6,84,2573,Declining
5.4,6,22,9,88,5151,Declining
7.5,7,34,6,85,6213,Stable
6.6,7,63,8,77,7347,Stable
5.4,1,45,5,84,6389,Declining
7.2,8,43,5,77,7292,Improving
7.8,4,16,2,73,4414,Stable
7.0,6,27,5,75,7238,Stable
7.2,6,71,6,75,7669,Improving
5.7,8,51,4,76,9254,Improving
6.4,8,37,5,81,7345,Stable
5.7,10,43,5,78,6814,Improving
5.8,5,10,2,79,4539,Declining
8.6,4,54,2,74,7118,Improving
6.7,7,57,5,75,8174,Improving
6.2,9,11,10,88,3898,Declining
7.9,8,55,1,71,9645,Improving
6.5,6,62,4,76,10292,Improving
6.2,6,33,5,78,5708,Stable
7.9,7,52,6,80,9002,Improving
5.9,6,20,6,80,4906,Declining
6.7,8,37,6,82,6925,Stable
7.7,2,36,3,73,6184,Stable
7.2,8,59,7,78,8923,Improving
5.4,4,78,6,79,9967,Declining
4.8,7,32,7,93,10464,Declining
4.9,2,48,4,84,6747,Declining
4.5,4,27,6,79,4649,Declining
6.4,7,26,2,74,5716,Improving
6.1,4,46,6,83,6562,Declining
5.4,5,33,8,84,6008,Declining
7.1,9,43,7,81,9664,Improving
7.2,7,28,5,77,6978,Stable
7.0,8,44,9,80,5224,Stable
7.8,6,28,6,77,6822,Stable
8.5,5,78,3,68,9248,Improving
6.0,3,19,7,84,4491,Declining
6.5,6,49,4,79,8890,Stable
6.7,2,40,8,85,4938,Declining
7.7,7,40,6,77,6060,Improving
6.0,5,41,4,74,6060,Stable
6.1,5,36,7,93,6790,Declining
4.5,4,67,4,78,8952,Declining
7.5,4,32,6,83,5497,Stable
8.6,5,29,5,73,5589,Improving
8.3,6,39,8,81,6111,Stable
4.6,6,36,6,88,5955,Declining
5.6,7,63,10,88,8213,Declining
6.3,5,30,3,66,4153,Stable
4.7,3,45,4,86,6796,Declining
5.6,6,46,6,85,7977,Declining
5.5,4,10,5,80,2559,Declining
6.4,7,54,9,90,7889,Declining
6.0,5,39,4,79,7391,Stable
7.1,1,78,6,82,7115,Stable
6.8,2,25,5,84,4373,Declining
6.5,3,63,4,76,8851,Stable
5.7,3,25,9,85,2916,Declining
6.4,6,27,4,84,5981,Stable
9.0,6,33,4,72,5693,Improving
8.5,6,46,7,75,6551,Improving
7.7,4,33,5,72,4562,Stable
6.7,5,41,9,87,7864,Declining
4.6,8,54,7,85,7590,Declining
6.0,7,58,5,77,9037,Stable
6.6,6,19,4,76,4515,Stable
5.9,6,47,4,77,7263,Stable
6.4,5,31,4,80,6171,Stable
6.2,6,69,6,81,8418,Stable
6.3,6,55,5,80,7093,Stable
8.9,4,56,8,72,7513,Stable
7.8,4,24,7,81,4056,Declining
5.2,6,62,3,71,7189,Stable
6.7,4,53,6,83,7022,Stable
7.3,5,54,2,72,5661,Improving
8.4,5,38,7,83,4441,Stable
5.8,7,55,5,76,9242,Stable
4.9,5,59,5,80,6920,Declining
7.5,6,52,6,78,6427,Improving
4.8,4,34,8,90,5336,Declining
7.4,9,71,8,76,7709,Improving
5.8,5,94,7,77,8768,Stable
6.2,5,60,4,73,7017,Stable
4.5,5,16,6,90,3871,Declining
8.4,9,27,7,79,5012,Improving
5.7,4,51,4,88,7196,Stable
6.6,4,10,2,83,2925,Stable
6.6,6,60,4,81,9244,Improving
7.1,6,49,8,78,7793,Stable
5.8,7,44,6,79,6378,Stable
8.5,8,21,7,86,11199,Improving
6.4,8,56,5,88,2577,Improving
4.5,6,57,5,80,7100,Declining
6.7,7,33,9,91,7539,Declining
9.0,6,26,6,75,3133,Improving
6.1,3,60,3,74,7167,Stable
4.5,7,88,2,72,12324,Improving
6.2,8,31,2,78,6469,Improving
6.2,6,30,9,88,4795,Declining
5.2,3,46,5,81,5895,Declining
7.5,8,75,6,82,11361,Improving
9.0,8,15,7,88,4210,Improving
5.2,5,85,4,76,10112,Stable
7.8,6,67,6,76,8419,Improving
5.9,8,55,5,81,8364,Improving
8.0,4,68,7,80,8026,Stable
8.4,5,72,9,83,8879,Stable
5.7,8,25,4,78,7858,Stable
6.4,10,51,5,79,7755,Improving
6.1,5,72,7,77,9090,Stable
8.4,10,10,8,85,4584,Improving
7.6,6,23,5,78,5863,Stable
8.3,5,37,2,72,7304,Improving
5.5,10,45,6,82,8502,Stable
8.1,7,44,1,69,7820,Improving
6.2,5,34,7,85,5110,Declining
6.0,10,53,2,77,8772,Improving
6.6,9,69,6,79,9575,Improving
4.5,6,80,3,85,11494,Stable
6.7,4,73,2,68,9930,Improving
6.9,5,50,7,81,6239,Stable
5.2,4,34,7,86,6427,Declining
6.7,6,79,2,74,10551,Improving
7.4,7,41,8,81,5298,Stable
5.6,6,42,10,84,6507,Declining
6.7,7,33,6,83,5961,Stable
6.2,5,40,3,76,6298,Stable
7.0,5,35,4,81,3851,Stable
4.9,7,30,9,93,5737,Declining
7.6,8,56,3,70,10118,Improving
6.6,6,64,4,74,8851,Improving
5.1,4,57,6,77,6840,Declining
7.2,5,48,4,78,6344,Improving
6.5,7,41,8,84,5195,Declining
5.6,7,43,3,76,7919,Stable
7.9,3,83,3,74,10466,Improving
8.2,4,43,3,75,6474,Improving
4.8,6,42,6,79,8101,Declining
7.3,6,60,7,80,8808,Stable
6.7,8,39,4,75,6800,Improving
7.0,6,57,5,76,8856,Improving
6.5,5,61,7,81,7626,Stable
6.7,5,63,4,74,8467,Improving
4.8,1,54,6,83,5877,Declining
7.0,7,67,5,72,9470,Improving
7.5,6,73,5,75,9500,Improving
7.3,4,26,8,79,2898,Declining
6.4,6,43,3,78,7015,Improving
6.4,6,69,9,81,8997,Declining
4.5,5,58,4,76,8284,Declining
7.1,4,33,6,82,5590,Declining
7.2,4,49,6,83,7383,Stable
8.2,4,44,7,83,4727,Stable
6.3,3,54,8,85,6405,Declining
4.5,7,29,6,82,5896,Declining
6.0,6,42,1,84,6579,Improving
6.8,3,62,2,67,7614,Improving
6.9,9,42,1,70,5691,Improving
7.9,3,57,5,75,7335,Stable
6.5,6,43,5,80,7714,Stable
5.8,6,36,7,80,5661,Declining
7.5,7,45,5,84,8083,Improving
6.3,5,37,8,95,5594,Declining
6.6,6,34,3,72,8778,Stable
5.3,6,26,2,69,5704,Stable
5.0,9,68,5,77,10935,Improving
7.3,8,17,3,85,4832,Improving
5.8,6,39,4,79,5919,Stable
6.3,4,43,9,85,5174,Declining
6.5,8,23,6,82,5795,Stable
6.5,8,62,5,68,9250,Improving
7.2,5,31,6,88,6140,Stable
7.1,7,40,2,67,7853,Improving
7.3,4,45,1,74,6551,Improving
5.8,8,10,5,86,2761,Declining
6.9,7,89,6,75,10581,Improving
6.4,1,12,7,83,4077,Declining
8.0,3,37,9,80,5735,Declining
5.0,6,85,3,72,10804,Improving
6.4,6,30,4,78,6593,Stable
5.5,10,62,6,71,8891,Improving
6.7,5,23,9,86,4269,Declining
6.4,4,48,8,78,6236,Declining
4.7,7,62,6,83,8955,Declining
6.6,5,38,5,74,7781,Stable
6.8,8,97,7,77,11496,Improving
5.8,6,33,6,84,6050,Declining
7.9,5,48,5,77,7393,Improving
6.3,6,45,6,81,7306,Stable
5.5,8,51,5,76,7799,Stable
7.5,6,36,7,77,5175,Stable
5.8,8,37,6,85,5979,Stable
6.9,6,92,9,80,9991,Stable
5.4,3,36,9,89,4265,Declining
8.7,5,48,7,75,7615,Improving
8.3,4,14,6,79,3980,Stable
4.8,6,47,6,91,7532,Declining
8.0,7,27,8,73,3578,Stable
7.7,10,57,7,85,9458,Improving
8.4,10,42,4,70,7756,Improving
6.5,7,42,5,81,6552,Stable
6.6,3,36,4,77,5109,Declining
8.2,8,34,3,71,5101,Improving
6.0,6,10,7,78,2926,Declining
7.1,6,25,3,75,5573,Improving
4.7,3,61,4,77,7875,Declining
6.9,5,29,7,82,3867,Declining
7.5,2,72,5,67,7721,Stable
7.6,3,57,2,71,4104,Improving
6.8,5,52,3,73,9778,Improving
6.7,4,17,6,86,6159,Declining
4.6,6,72,3,70,9405,Stable
6.7,6,50,4,71,7899,Improving
6.8,9,14,5,80,4589,Stable
7.0,6,38,5,82,5529,Stable
6.3,4,79,6,78,9049,Stable
8.2,6,36,8,77,5909,Stable
7.8,2,60,2,69,6578,Improving
7.1,4,41,1,66,6119,Improving
6.6,1,50,6,78,6484,Declining
7.8,7,52,4,79,8682,Improving
5.6,8,57,6,77,7053,Stable
8.0,3,56,5,78,6069,Stable
6.7,6,44,7,80,5828,Stable
6.9,4,73,8,78,7214,Stable
6.2,4,16,5,89,5338,Declining
5.9,6,59,4,82,8897,Stable
6.0,7,74,8,78,9342,Stable
5.0,7,46,10,88,6025,Declining
6.1,9,64,8,86,9047,Stable
5.3,6,47,2,76,9275,Stable
6.1,3,34,7,78,4296,Declining
6.0,4,30,10,81,4679,Declining
7.2,7,13,3,80,5100,Improving
6.2,8,31,6,87,6264,Stable
6.7,9,63,5,78,8665,Improving
5.0,5,74,4,77,9198,Stable
6.5,6,32,9,89,5538,Declining
6.8,9,48,8,78,6099,Stable
4.7,7,58,8,91,8238,Declining
6.9,4,49,3,72,6989,Stable
6.5,6,55,10,86,5888,Declining
4.5,8,43,5,85,7080,Declining
7.2,4,49,9,80,5063,Declining
8.3,6,49,10,79,7888,Stable
6.1,5,16,7,85,5108,Declining
5.9,7,67,5,75,8227,Improving
7.8,9,20,6,79,4724,Improving
4.5,8,22,8,86,5245,Declining
6.0,7,85,7,86,10603,Stable
5.1,9,25,6,85,6018,Declining
7.5,4,79,3,68,10234,Improving
6.5,6,39,8,86,5242,Declining
4.7,5,44,7,84,7043,Declining
5.4,8,53,7,79,7109,Stable
6.0,3,47,4,79,6977,Declining
9.0,10,24,6,78,8147,Improving
7.3,6,40,4,78,8152,Improving
9.0,4,76,5,72,9850,Improving
6.8,8,70,5,80,7857,Improving
7.1,4,32,6,83,3996,Declining
6.4,10,43,5,77,6452,Improving
7.3,8,22,7,86,5052,Stable
6.7,9,51,2,73,8697,Improving
7.2,4,66,7,78,8869,Stable
6.9,8,51,7,81,7692,Stable
7.9,4,86,7,77,9947,Improving
6.2,5,34,9,85,4815,Declining
6.6,9,62,4,74,11194,Improving
8.7,5,52,7,74,5360,Improving
6.4,5,80,6,77,8613,Stable
8.0,5,74,5,76,9518,Improving
6.0,5,12,6,84,5611,Declining
6.6,6,10,5,82,1934,Declining
6.8,8,24,8,77,6249,Stable
4.5,3,60,6,81,6684,Declining
6.6,4,64,1,66,6665,Improving
8.4,7,63,8,80,10232,Improving
7.0,8,29,7,85,6176,Stable
6.0,9,57,5,71,8679,Improving
5.7,7,10,6,80,4313,Declining
7.2,5,10,6,81,3739,Declining
7.0,7,10,4,87,3867,Stable
8.1,10,97,4,70,12101,Improving
6.3,10,101,3,70,12090,Improving
7.3,3,33,7,75,3967,Declining
4.5,4,64,3,73,8221,Declining
7.0,6,71,6,77,7795,Improving
7.5,5,15,7,82,3843,Declining
6.1,6,42,7,88,7468,Declining
6.8,6,41,1,63,7420,Improving
6.3,6,27,7,82,5411,Declining
4.9,5,70,3,79,9427,Stable
5.3,4,31,2,73,5193,Declining
5.8,7,31,3,72,5089,Stable
5.7,6,38,9,97,8027,Declining
5.5,8,49,10,87,7538,Declining
7.6,2,47,3,78,7385,Stable
5.5,10,70,4,80,9034,Improving
5.1,4,68,5,85,8101,Declining
4.5,6,60,6,87,7093,Declining
6.5,8,71,6,79,9900,Improving
6.7,6,22,8,83,4391,Declining
6.1,9,31,9,93,5997,Declining
7.2,6,65,5,80,8531,Improving
6.5,5,66,8,86,7634,Declining
6.8,7,54,10,89,7213,Declining
7.5,4,10,9,84,3816,Declining
8.9,4,77,4,64,9549,Improving
6.9,6,43,9,87,5185,Declining
9.0,4,26,9,84,5021,Declining
6.6,7,68,8,73,8333,Stable
8.1,6,25,5,78,3614,Improving
7.0,5,38,3,66,6169,Stable
5.0,5,36,3,72,4930,Declining
6.6,10,79,3,80,10740,Improving
7.0,5,54,4,71,8681,Improving
5.7,6,48,8,92,7808,Declining
9.0,4,25,2,73,5567,Improving
6.2,8,26,6,87,5585,Stable
7.4,6,95,3,72,11716,Improving
8.3,5,55,10,84,6769,Stable
6.5,5,29,1,71,6281,Improving
5.9,10,48,6,85,7604,Improving
4.8,6,57,7,82,8336,Declining
6.6,6,40,5,80,7785,Stable
8.1,7,62,7,73,8751,Improving
5.3,4,33,5,81,4910,Declining
6.4,4,52,7,77,8353,Declining
4.6,7,28,4,79,5617,Declining
5.0,8,37,7,88,4952,Declining
4.5,8,35,5,77,7095,Declining
6.3,4,37,2,77,7550,Stable
8.8,3,28,7,86,5882,Stable
6.6,7,41,8,80,6169,Stable
4.6,7,27,4,86,5303,Declining
5.5,2,32,6,76,5276,Declining
7.1,6,22,8,83,3693,Declining
7.1,6,51,1,71,7339,Improving
6.0,8,28,3,77,5939,Improving
6.7,5,41,8,86,6268,Declining
7.1,8,55,4,72,8465,Improving
6.4,5,28,7,85,5154,Declining
4.5,8,41,10,91,6339,Declining
7.8,6,33,1,68,6801,Improving
9.0,6,49,6,74,7524,Improving
7.2,9,69,7,79,8968,Improving
4.9,2,26,3,84,4482,Declining
6.8,8,27,9,85,5907,Declining
7.1,7,27,7,81,5507,Stable
7.2,6,60,3,74,9032,Improving
6.7,5,56,3,71,7367,Improving
4.5,5,34,6,90,5617,Declining
5.0,4,50,5,77,6545,Declining
6.7,5,53,5,73,6667,Stable
8.2,5,57,3,81,8171,Improving
5.3,4,61,8,84,6045,Declining
8.1,6,24,6,82,3475,Stable
5.9,6,49,7,85,6823,Declining
9.0,7,46,8,86,6299,Improving
4.5,10,68,7,80,10320,Stable
6.6,4,53,8,77,7431,Declining
7.0,5,46,6,72,5784,Stable
6.9,7,12,9,96,3077,Declining
5.2,3,55,2,74,5869,Stable
6.5,5,35,4,75,5650,Stable
7.8,3,24,7,84,5001,Declining
6.2,3,76,4,75,10258,Stable
6.8,6,10,5,81,4052,Declining
6.5,6,35,3,70,6144,Stable
5.7,4,67,7,90,9323,Declining
6.6,8,34,6,75,6652,Stable
7.5,6,32,8,86,5459,Stable
9.0,5,51,6,86,7248,Improving
7.1,8,75,7,78,9638,Improving
6.0,5,13,6,81,4174,Declining
6.2,8,58,4,73,9847,Improving
7.4,8,54,2,72,7395,Improving
6.9,9,48,8,86,7625,Stable
6.5,4,32,4,75,7432,Stable
8.2,7,30,8,76,7045,Stable
5.4,7,16,6,89,4626,Declining
8.0,4,58,10,81,7039,Declining
8.6,5,69,7,76,8396,Improving
5.2,5,50,6,82,8304,Declining
6.3,5,73,7,84,9398,Stable
7.2,6,24,6,73,5463,Stable
7.7,7,72,7,78,9967,Improving
4.6,7,43,5,87,8061,Declining
6.5,7,32,5,78,6166,Stable
8.2,1,43,6,76,5284,Declining
5.7,9,61,7,81,8336,Stable
6.6,5,35,4,79,7031,Stable
5.1,6,55,3,73,8693,Stable
7.2,6,39,1,83,6515,Improving
5.6,5,53,1,70,8300,Improving
6.3,6,70,5,79,9324,Improving
6.0,5,22,7,80,4470,Declining
5.4,6,48,8,82,7065,Declining
6.7,7,21,5,79,3985,Stable
6.3,6,17,3,81,5033,Stable
6.6,9,34,3,74,5565,Improving
6.0,5,76,2,70,10101,Improving
4.7,5,30,4,77,5310,Declining
6.8,8,18,4,73,4963,Stable
7.5,3,27,6,80,5049,Declining
9.0,6,10,3,65,5003,Improving
7.7,5,58,7,80,8502,Stable
5.7,2,75,7,87,7172,Declining
7.5,4,65,3,70,8794,Improving
7.9,5,52,3,68,7613,Improving
7.1,1,76,4,74,9897,Stable
5.7,4,60,8,83,7193,Declining
4.5,7,37,10,95,5255,Declining
7.8,7,11,6,79,4835,Stable
5.7,5,54,5,90,7751,Stable
4.8,7,17,9,80,11680,Declining
7.3,10,74,7,80,11119,Improving
6.9,6,36,5,76,4846,Stable
6.6,8,18,3,77,5107,Improving
6.5,6,62,7,82,8492,Stable
8.7,7,28,5,76,5961,Improving
7.5,8,25,3,72,6777,Improving
6.1,6,47,5,76,6424,Stable
7.0,4,39,8,86,5077,Declining
6.3,3,32,5,82,5183,Declining
5.8,7,49,2,75,7308,Improving
6.2,5,29,6,77,5619,Declining
6.3,7,51,7,77,7884,Stable
6.8,3,51,7,86,6819,Declining
6.2,6,22,5,79,4917,Declining
4.5,5,42,4,87,7065,Declining
4.8,6,19,5,81,6912,Declining
5.5,7,69,5,80,7964,Stable
5.3,8,17,5,84,5931,Declining
6.5,6,33,6,79,6976,Stable
6.6,8,21,1,74,6157,Improving
8.3,5,37,4,63,6760,Improving
6.1,2,32,5,86,5946,Declining
7.6,6,22,3,65,4663,Improving
7.2,7,51,3,77,7940,Improving
4.5,6,27,8,82,6825,Declining
6.4,6,56,7,86,7296,Stable
9.0,1,40,4,76,5634,Stable
7.2,3,10,9,89,2173,Declining
7.5,4,70,8,81,6201,Stable
4.6,6,43,3,82,6108,Stable
6.7,7,51,3,78,7029,Improving
7.0,3,79,7,77,10103,Stable
5.2,3,51,8,87,5084,Declining
6.9,8,40,7,79,6118,Stable
6.7,4,22,5,84,4221,Declining
7.8,7,41,10,86,5798,Stable
4.5,8,21,4,80,6483,Declining
6.4,5,13,9,90,3411,Declining
7.3,4,78,2,75,10904,Improving
8.5,9,62,5,78,9497,Improving
4.6,5,59,8,84,6693,Declining
6.2,6,50,6,73,7632,Stable
7.6,4,43,4,76,5967,Stable
4.7,6,30,7,95,4965,Declining
6.9,4,52,10,85,7123,Declining
5.8,6,20,5,77,5707,Declining
6.5,6,45,6,80,6420,Stable
6.4,7,19,7,84,3884,Declining
5.0,3,46,7,90,5199,Declining
5.8,7,50,8,85,6294,Declining
4.8,6,42,5,82,6411,Declining
6.5,4,67,9,82,8121,Declining
6.7,3,77,8,76,7274,Declining
8.5,7,70,5,74,8294,Improving
4.7,3,45,3,66,6473,Declining
6.8,6,52,6,75,6959,Stable
8.2,10,44,8,72,7097,Improving
5.7,4,31,7,86,5642,Declining
5.1,5,69,7,82,6683,Declining
6.2,9,10,8,90,4553,Declining
7.1,4,97,6,78,10240,Improving
7.0,5,23,3,79,4912,Stable
5.8,7,83,8,79,9332,Stable
5.9,9,60,6,75,9610,Improving
7.6,4,73,7,70,7166,Stable
5.9,6,46,7,81,5845,Declining
6.6,6,44,9,88,6490,Declining
5.7,4,10,7,89,2144,Declining
6.1,5,25,10,82,3748,Declining
6.3,5,25,9,83,3810,Declining
5.9,4,69,3,76,10200,Stable
5.1,6,44,9,90,5934,Declining
7.1,4,36,5,79,5098,Stable
7.2,4,54,4,72,8051,Stable
6.9,5,53,5,78,7210,Stable
6.6,7,46,3,78,6809,Improving
8.3,6,58,7,72,6826,Improving
7.2,6,10,6,83,4413,Declining
8.6,6,77,7,75,10238,Improving
6.0,4,53,10,81,6836,Declining
5.9,5,10,10,90,2182,Declining
8.4,4,66,5,68,8789,Improving
7.3,6,13,5,81,5792,Stable
8.2,5,36,8,86,6022,Stable
6.4,6,78,4,73,9819,Improving
6.5,5,33,3,79,5708,Stable
7.5,7,50,9,82,7817,Stable
7.0,9,41,6,77,8126,Improving
5.7,6,56,4,79,9087,Stable
5.9,4,76,1,75,8229,Improving
5.9,6,35,6,81,4643,Declining
6.8,7,44,5,72,6728,Improving
7.7,5,78,6,78,10121,Improving
7.9,4,33,6,79,6015,Stable
6.6,6,71,5,77,8583,Improving
6.2,5,67,4,86,9414,Stable
6.9,6,17,5,80,4527,Stable
5.1,9,27,4,73,6222,Stable
5.1,7,100,6,71,12245,Improving
6.1,7,35,6,84,5981,Stable
7.6,2,51,4,72,7145,Stable
7.6,4,63,4,79,9066,Improving
4.6,5,22,6,81,4697,Declining
4.5,5,34,7,83,6000,Declining
7.3,9,45,7,77,6543,Improving
4.5,4,27,8,81,4361,Declining
6.6,5,46,7,74,6575,Declining
5.9,9,42,5,78,6908,Improving
6.2,7,69,7,86,8360,Stable
7.5,8,50,6,71,7816,Improving
7.2,7,45,10,89,6840,Declining
7.1,4,67,8,84,8446,Stable
4.5,6,61,8,89,8452,Declining
4.5,3,64,5,73,7773,Declining
6.5,8,47,7,83,6119,Stable
6.9,6,60,3,74,7870,Improving
5.3,5,33,5,73,6770,Declining
4.5,7,99,5,74,10604,Stable
4.5,4,47,5,83,7021,Declining
6.8,4,49,9,90,4852,Declining
4.5,7,35,4,84,8448,Declining
8.5,6,81,2,70,11477,Improving
7.7,5,37,2,66,9152,Improving
6.6,5,49,6,76,6890,Stable
6.7,7,83,4,74,10642,Improving
5.9,7,47,6,78,7977,Stable
6.1,6,44,3,71,6260,Stable
6.7,3,56,4,80,7431,Stable
6.9,7,32,7,80,7202,Stable
6.7,4,23,5,77,6532,Declining
6.0,3,39,3,71,5677,Declining
7.1,4,61,6,75,7686,Stable
7.3,7,42,3,70,7362,Improving
6.1,5,43,6,79,3757,Declining
7.2,3,18,7,81,4870,Declining
6.7,5,36,9,87,5364,Declining
8.2,3,18,2,67,2767,Stable
6.7,5,35,7,87,4151,Declining
7.4,6,40,5,79,5927,Stable
7.0,7,67,7,80,8693,Improving
7.5,2,43,4,76,4572,Stable
4.8,9,36,8,92,7592,Declining
7.2,8,21,9,84,3733,Declining
6.6,9,39,3,76,9018,Improving
7.4,9,21,4,73,4687,Improving
7.9,6,73,4,89,7805,Improving
7.0,7,10,7,81,5155,Declining
6.1,6,57,3,70,8163,Improving
6.3,7,40,3,77,6380,Improving
7.3,5,43,8,81,5975,Declining
5.5,4,56,9,82,6006,Declining
5.1,5,61,8,79,7853,Declining
7.0,9,24,2,76,8107,Improving
7.1,6,54,7,82,8754,Stable
6.9,9,85,4,74,11364,Improving
7.6,8,73,1,66,8860,Improving
5.7,5,36,4,86,5383,Declining
6.8,6,59,8,83,6081,Stable
8.0,5,47,7,75,6063,Stable
6.5,5,93,5,76,12392,Improving
6.0,4,25,3,78,4774,Declining
6.6,5,21,9,82,3749,Declining
5.1,10,49,5,84,8429,Improving
7.4,10,87,5,82,11312,Improving
5.8,3,38,3,71,7468,Declining
6.7,4,50,9,85,7183,Declining
8.4,3,80,6,71,10307,Improving
6.0,10,45,2,65,8260,Improving
6.7,4,20,9,87,4911,Declining
7.7,5,12,8,85,3432,Declining
7.5,4,32,6,91,5826,Stable
8.3,8,83,8,79,8867,Improving
8.3,8,48,7,80,8095,Improving
7.2,7,46,6,84,7376,Improving
6.4,7,51,9,85,8789,Declining
4.9,5,77,3,75,10703,Stable
6.7,5,57,8,81,6518,Declining
7.5,5,73,7,83,7116,Stable
8.5,5,41,5,82,5696,Improving
4.8,7,34,5,84,5621,Declining
7.0,5,52,10,88,6297,Declining
6.2,6,61,8,88,6651,Declining
6.6,5,41,7,79,7269,Declining
5.0,8,45,7,84,6741,Declining
5.9,5,20,5,84,3099,Declining
7.8,8,68,5,76,9509,Improving
6.7,8,49,10,89,7227,Declining
6.2,7,40,9,88,6945,Declining
5.5,9,49,6,86,7020,Stable
4.9,5,29,7,78,5333,Declining
7.5,8,49,2,66,8671,Improving
4.5,8,43,5,88,7696,Declining
5.8,7,66,6,83,9026,Stable
7.3,5,34,7,81,7276,Declining
7.8,6,28,5,79,5734,Stable
7.6,3,23,9,83,3664,Declining
6.9,8,57,4,77,7527,Improving
5.1,8,59,2,77,10058,Improving
6.1,7,82,5,79,10484,Improving
7.2,6,35,4,72,5673,Improving
4.6,7,39,7,85,6068,Declining
5.9,4,42,7,86,6936,Declining
6.3,7,70,6,77,9157,Improving
7.7,6,10,3,79,3694,Improving
7.5,8,34,9,84,6974,Stable
7.0,2,10,4,82,2524,Declining
5.8,5,33,6,84,5451,Declining
8.5,5,27,5,77,5054,Improving
8.7,6,70,6,72,10138,Improving
5.7,7,75,9,82,7952,Stable
7.4,7,55,4,77,8187,Improving
7.8,5,20,7,78,4711,Declining
7.2,8,37,5,74,7487,Improving
5.5,8,44,2,75,7760,Improving
7.6,8,74,5,78,9352,Improving
5.8,8,35,3,77,7745,Improving
5.9,7,39,7,77,6489,Declining
4.6,7,61,4,74,10198,Stable
7.0,7,27,2,70,6690,Improving
5.7,8,39,7,86,7463,Stable
7.0,5,55,6,78,7284,Stable
6.7,6,34,8,75,6049,Declining
7.2,6,12,4,84,4317,Stable
8.4,6,34,9,71,5925,Stable
6.3,4,45,6,81,6273,Declining
4.5,5,19,3,83,3752,Declining
6.7,3,40,6,77,6186,Declining
7.7,9,33,2,73,7676,Improving
5.4,3,38,8,87,5887,Declining
6.5,8,57,6,80,8140,Improving
6.3,6,41,7,80,5337,Declining
6.6,6,50,6,83,9092,Stable
7.8,5,38,6,72,5769,Stable
5.0,4,78,9,87,7200,Declining
9.0,8,54,7,70,8100,Improving
6.2,5,15,10,93,5303,Declining
6.6,10,49,3,80,9407,Improving
6.7,6,37,6,80,4720,Stable
7.3,8,65,4,77,10519,Improving
8.7,5,75,10,86,9011,Stable
7.7,4,68,3,74,7913,Improving
5.5,2,65,5,74,6819,Declining
7.8,7,41,4,78,6781,Improving
5.2,1,10,5,85,3203,Declining
8.3,5,52,9,87,5136,Stable
5.6,6,52,4,74,6964,Stable
7.6,7,67,8,83,8956,Improving
8.0,3,51,4,75,6476,Improving
7.9,5,19,8,88,6080,Declining
5.6,7,37,6,86,7251,Declining
7.6,6,23,5,75,4526,Stable
5.4,4,64,6,82,8073,Declining
6.8,4,10,3,84,4010,Declining
8.0,4,37,6,74,6643,Stable
6.5,5,38,6,85,4724,Declining
7.1,7,34,8,94,6177,Stable
5.8,9,52,4,77,9169,Improving
6.9,7,65,1,74,9024,Improving
5.4,6,12,7,85,3602,Declining
6.3,6,31,9,91,4780,Declining
8.8,9,54,5,79,7371,Improving
7.4,7,26,3,70,4498,Improving
6.7,6,50,3,70,7241,Improving
7.4,8,37,8,83,6549,Stable
8.1,2,39,6,77,4617,Declining
7.6,7,47,5,79,7008,Improving
7.1,8,71,3,74,9500,Improving
5.7,5,29,3,83,5406,Stable
4.7,6,51,4,82,7680,Stable
8.4,3,58,6,75,6639,Stable
7.9,2,42,3,69,6510,Stable
7.6,5,84,8,83,9662,Stable
5.4,5,61,6,81,9653,Declining
5.1,6,16,4,78,4906,Declining
7.9,8,47,1,70,7167,Improving
7.0,5,43,6,74,5452,Stable
5.6,6,23,3,77,6621,Stable
7.0,7,57,4,71,9487,Improving
6.1,7,20,10,85,4636,Declining
6.2,5,33,4,72,4124,Stable
8.3,3,88,3,77,10462,Improving
7.9,3,42,3,72,6221,Improving
7.0,7,68,6,86,8207,Improving
6.6,5,45,8,72,6293,Declining
7.6,4,37,5,79,5707,Stable
6.4,7,47,5,76,6257,Stable
8.0,4,53,3,74,7819,Improving
6.9,7,73,5,82,10386,Improving
6.8,8,50,2,71,8844,Improving
5.9,8,62,7,81,8624,Stable
6.5,4,63,9,84,8585,Declining
4.5,6,52,4,87,7012,Declining
5.8,1,35,9,85,2525,Declining
5.4,4,57,9,87,7919,Declining
6.2,7,15,6,88,3460,Declining
7.5,7,49,4,72,8177,Improving
7.7,2,41,8,87,4974,Declining
7.8,8,36,5,74,7390,Improving
8.0,3,64,8,74,7816,Stable
6.6,1,52,5,82,6606,Declining
5.9,8,11,8,91,3640,Declining
6.8,5,54,3,72,6880,Improving
4.6,6,74,9,82,8270,Declining
7.3,3,56,6,71,8101,Stable
7.4,7,73,6,77,8473,Improving
6.3,7,31,3,68,6289,Stable
4.8,5,45,3,75,7011,Declining
8.9,5,21,7,81,5385,Stable
7.4,5,40,9,90,6199,Declining
5.1,6,11,7,82,2908,Declining
6.9,9,33,2,73,7442,Improving
5.1,9,61,8,92,7203,Stable
5.8,6,25,4,76,6620,Stable
4.5,5,66,5,73,7152,Declining
6.6,6,22,4,74,5928,Stable
7.5,6,55,6,74,8072,Improving
9.0,8,59,7,74,6943,Improving
6.1,7,82,5,77,9820,Improving
5.8,4,41,6,77,6908,Declining
7.6,5,20,8,82,3687,Declining
6.2,8,57,6,84,9493,Stable
5.9,5,29,3,77,5479,Stable
5.6,7,10,4,85,5468,Declining
7.2,6,76,6,78,9955,Improving
7.1,10,34,6,88,6296,Improving
7.2,7,75,6,80,11477,Improving
5.2,6,40,5,76,6005,Declining
5.7,5,30,6,81,6479,Declining
6.0,9,65,5,82,10252,Improving
5.5,10,24,2,72,6609,Improving
5.6,9,40,4,88,7108,Improving
7.3,3,25,6,82,4653,Declining
7.0,3,82,3,70,8468,Improving
7.6,3,60,1,70,8202,Improving
6.1,9,62,6,82,8247,Improving
6.3,7,46,6,80,6923,Stable
6.8,6,71,8,74,9480,Stable
7.4,6,22,4,77,6174,Stable
7.4,5,62,4,77,7288,Improving
8.2,5,29,4,72,10184,Improving
8.8,5,41,7,75,5037,Stable
8.3,9,17,10,85,5375,Stable
7.8,5,95,6,79,10323,Improving
5.9,6,42,4,73,6697,Stable
5.0,5,10,5,90,4169,Declining
7.1,6,53,4,76,8118,Improving
7.4,5,52,5,71,7193,Stable
6.9,6,24,8,87,5075,Declining
8.8,5,36,3,73,7772,Improving
7.2,5,59,6,83,7357,Stable
6.6,5,44,4,74,6787,Stable
8.5,2,53,5,80,7863,Stable
6.3,7,40,6,81,6550,Stable
6.8,7,37,10,86,5622,Declining
5.8,5,50,8,76,6015,Declining
8.0,5,54,4,76,7848,Improving
7.9,8,51,9,82,9001,Stable
7.8,8,43,6,80,7953,Improving
6.0,7,33,7,87,6047,Declining
6.4,7,67,6,77,7974,Improving
8.3,7,33,3,73,6443,Improving
6.7,6,66,6,75,7630,Stable
6.4,3,63,9,88,8612,Declining
8.7,3,74,7,83,7772,Improving
7.1,6,30,7,85,5380,Stable
6.3,8,20,1,75,4836,Improving
5.6,7,80,4,77,9290,Improving
7.6,5,43,7,84,7529,Stable
4.5,3,64,4,76,8024,Declining
8.2,4,34,7,78,6803,Stable
7.5,5,15,2,74,3231,Improving
5.8,7,28,10,91,5241,Declining
6.2,2,36,10,78,4832,Declining
6.5,7,35,5,74,6104,Stable
6.6,8,67,5,80,10552,Improving
7.0,6,41,1,68,6650,Improving
6.1,5,53,5,75,6757,Stable
6.9,7,15,5,80,3517,Stable
6.4,6,10,5,80,4153,Declining
5.3,4,39,8,86,4385,Declining
5.4,6,40,10,87,6630,Declining
7.3,7,42,7,81,6893,Stable
6.4,7,30,8,81,5026,Declining
9.0,6,69,7,74,8198,Improving
5.1,6,10,8,93,4294,Declining
6.5,9,41,7,80,7328,Stable
7.7,9,56,6,79,8430,Improving
5.4,4,39,4,78,6352,Declining
6.1,6,42,1,73,8197,Improving
6.9,5,11,5,81,4200,Declining
7.4,8,74,2,69,10717,Improving
4.8,7,83,3,76,10932,Improving
9.0,7,22,5,67,5361,Improving
7.0,5,39,9,81,3790,Declining
6.3,5,36,4,78,6290,Stable
6.5,8,75,6,77,10131,Improving
6.3,8,58,4,82,8301,Improving
6.8,8,20,6,75,6223,Stable
6.0,5,30,5,73,6087,Declining
9.0,8,88,1,68,12480,Improving
7.3,2,47,6,77,5384,Declining
6.5,8,33,8,83,6863,Stable
5.3,7,70,4,77,11397,Improving
8.4,5,50,2,67,6026,Improving
8.2,8,32,8,65,6264,Stable
6.9,9,59,6,78,9496,Improving
6.2,6,56,10,90,8913,Declining
8.1,6,42,4,74,7478,Improving
7.3,3,66,4,78,8522,Stable
6.1,7,25,3,76,4882,Stable
7.1,4,24,8,79,5452,Declining
5.6,9,23,7,87,5880,Declining
6.9,6,10,5,80,3512,Stable
6.5,5,10,8,94,3615,Declining
5.8,6,25,10,83,5068,Declining
6.9,9,46,5,89,8608,Improving
4.5,9,61,9,93,6706,Declining
7.1,6,41,9,71,5463,Declining
6.2,6,68,9,81,8024,Declining
6.0,5,35,5,82,6477,Declining
7.8,10,28,5,78,7375,Improving
6.0,6,43,6,84,8231,Declining
8.1,9,57,5,80,6713,Improving
7.4,6,10,2,77,3112,Improving
5.0,5,10,9,81,4315,Declining
8.3,5,36,6,76,5720,Stable
6.3,7,42,6,75,7080,Stable
6.5,7,71,7,76,8491,Stable
6.6,5,34,4,76,8222,Stable
7.7,3,47,6,74,6186,Stable
5.5,6,40,5,80,5558,Declining
6.7,7,31,5,87,5879,Stable
6.9,7,82,3,68,10923,Improving
6.7,7,59,7,82,6708,Stable
5.6,6,10,5,85,3559,Declining
7.7,7,79,3,69,10076,Improving
7.7,5,33,6,77,5239,Stable
6.8,6,46,5,78,5776,Stable
6.4,8,44,4,84,6212,Improving
5.9,5,68,7,76,8883,Declining
7.1,7,74,7,83,9745,Improving
7.3,3,28,6,81,5154,Declining
6.2,9,79,9,82,8161,Stable
9.0,6,63,3,75,7830,Improving
5.7,6,21,5,88,4382,Declining
8.9,6,60,4,61,8568,Improving
6.1,6,55,6,76,7341,Stable
8.6,3,91,6,75,8120,Improving
5.5,6,11,4,81,4076,Declining
5.0,8,10,6,80,4312,Declining
5.1,10,52,5,80,7570,Improving
5.7,7,46,1,74,9088,Improving
7.2,5,47,9,82,4507,Declining
5.5,5,75,6,83,9480,Stable
6.7,6,41,6,94,5494,Stable
6.1,3,58,5,71,7199,Declining
6.7,7,48,3,78,8284,Improving
8.1,5,46,3,73,6575,Improving
5.7,4,32,3,78,6621,Declining
6.0,6,23,4,82,5251,Stable
7.4,2,59,3,73,9099,Stable
6.9,4,46,10,93,7383,Declining
6.1,6,47,7,80,7194,Declining
5.4,7,46,3,78,6583,Stable
5.1,8,45,8,90,6338,Declining
4.7,9,65,6,82,10091,Stable
9.0,1,102,5,79,11110,Improving
5.4,8,42,10,89,6315,Declining
9.0,6,53,7,69,8177,Improving
4.5,4,59,9,81,6671,Declining
7.3,6,57,5,77,6454,Improving
7.0,6,63,4,76,8510,Improving
7.4,4,47,8,77,6930,Declining
6.6,4,59,5,75,9337,Stable
4.5,3,22,4,79,2562,Declining
7.6,4,21,9,80,4621,Declining
6.3,5,48,10,87,6419,Declining
4.8,3,33,7,80,4684,Declining
6.7,6,10,6,85,1598,Declining
7.7,4,68,3,71,9613,Improving
4.5,6,50,6,87,6323,Declining
6.4,10,75,6,80,9691,Improving
6.6,4,32,8,81,4416,Declining
5.6,8,71,5,76,8327,Improving
7.3,7,56,7,86,8238,Improving
6.7,5,62,7,82,6364,Stable
6.6,5,10,6,80,5221,Declining
5.7,9,65,7,80,8511,Stable
7.1,6,46,4,79,6203,Improving
5.6,9,57,6,88,10912,Stable
5.0,6,35,7,89,5425,Declining
7.5,6,41,2,74,7910,Improving
5.9,8,67,9,81,8650,Stable
8.1,8,18,5,84,3844,Improving
5.3,5,64,9,78,8266,Declining
6.1,5,76,10,83,10108,Declining
5.8,6,19,3,77,4094,Stable
6.6,8,40,5,80,6927,Improving
7.0,5,12,5,74,2396,Declining
6.2,6,81,3,73,8960,Improving
7.6,8,19,4,79,4643,Improving
7.1,5,64,2,66,8453,Improving
7.3,9,18,10,92,4276,Declining
6.4,7,39,4,79,5941,Stable
5.3,5,94,4,76,10723,Improving
5.2,4,34,4,78,6927,Declining
5.0,5,40,8,88,6333,Declining
7.8,6,40,5,79,6227,Improving
7.2,7,36,9,82,5468,Declining
5.1,6,44,8,82,5344,Declining
7.9,8,36,3,73,6409,Improving
6.9,4,10,6,74,4000,Declining
8.5,6,43,10,88,6434,Stable
8.1,5,37,3,75,5462,Improving
7.1,5,43,4,74,5316,Stable
6.5,4,46,4,72,2520,Stable
6.7,7,39,9,80,5082,Declining
7.1,5,61,5,71,7764,Improving
5.5,4,41,6,86,7702,Declining
5.1,4,36,7,85,6340,Declining
7.6,5,87,7,73,9019,Improving
5.3,5,40,6,79,7911,Declining
7.9,7,55,5,71,8792,Improving
7.4,6,29,6,83,6670,Stable
7.9,6,34,6,82,7888,Stable
7.1,3,72,8,88,8073,Declining
7.7,7,10,8,78,4959,Declining
6.4,6,38,5,80,6241,Stable
6.3,7,76,7,76,9620,Stable
8.8,3,10,4,75,3561,Stable
6.2,7,64,2,71,7789,Improving
6.2,6,65,4,81,8891,Improving
6.4,4,18,1,73,4737,Stable
4.5,7,39,9,92,6498,Declining
6.3,6,62,2,68,8569,Improving
6.9,6,54,4,76,8699,Improving
6.6,7,75,10,77,9131,Stable
8.7,6,69,5,73,9838,Improving
8.3,7,67,5,77,7440,Improving
6.2,8,50,7,90,8162,Stable
4.9,8,32,1,73,7491,Improving
4.5,6,63,6,88,8109,Declining
8.3,5,51,5,75,7677,Improving
6.1,2,67,6,75,7161,Declining
5.5,8,42,6,80,5797,Stable
5.8,3,53,6,79,7357,Declining
7.7,7,30,4,75,5721,Improving
6.2,1,52,2,80,7484,Stable
6.3,4,10,6,80,3077,Declining
7.8,7,61,5,73,8743,Improving
6.2,5,59,8,81,8739,Declining
6.8,3,10,3,82,4707,Declining
6.8,4,53,6,78,7499,Stable
5.1,6,53,8,83,8174,Declining
7.4,10,50,5,81,9054,Improving
5.7,5,38,1,82,7872,Stable
7.0,6,37,4,82,7439,Stable
5.6,3,95,10,83,8244,Declining
7.4,6,27,10,85,5690,Declining
4.8,7,59,8,86,7192,Declining
5.3,5,44,6,88,7364,Declining
6.0,9,49,2,77,9429,Improving
8.1,7,50,7,84,8164,Improving
4.5,6,62,4,80,9470,Stable
6.9,8,46,2,79,8159,Improving
7.5,7,55,5,74,6861,Improving
6.5,7,20,4,77,6646,Stable
5.4,6,61,10,87,6755,Declining
6.8,5,35,7,82,7016,Declining
5.6,10,53,8,79,7176,Stable
7.5,5,55,9,86,5055,Declining
7.9,6,43,4,79,6864,Improving
6.7,4,16,5,83,4552,Declining
5.5,5,63,4,76,7500,Stable
7.8,7,38,5,78,7027,Improving
6.0,6,19,6,81,3972,Declining
7.4,5,41,8,82,5650,Declining
5.7,5,46,4,83,6187,Stable
7.0,7,27,2,67,6494,Improving
7.4,9,52,8,79,7515,Improving
7.0,4,29,8,79,4452,Declining
7.1,10,25,6,80,5541,Improving
7.4,2,72,4,79,8641,Stable
6.7,4,63,8,85,6747,Declining
6.6,2,19,8,85,3008,Declining
5.4,4,87,2,78,11698,Improving
5.3,8,36,5,75,6556,Stable
5.1,5,59,7,81,7406,Declining
5.2,7,52,4,81,7843,Stable
6.5,7,62,6,83,10006,Stable
6.6,5,27,7,80,4540,Declining
6.5,6,62,9,87,8551,Declining
6.6,4,92,4,69,12367,Improving
6.0,9,34,5,75,6067,Stable
6.8,4,44,3,75,6750,Stable
5.8,7,18,5,85,4727,Declining
6.1,5,32,7,81,6234,Declining
5.9,9,41,2,80,9135,Improving
6.2,6,47,4,78,6347,Stable
7.2,6,36,10,89,6078,Declining
6.8,6,63,7,80,8150,Stable
5.8,8,46,4,78,8857,Improving
6.4,3,39,7,78,5465,Declining
6.5,4,34,5,83,5145,Declining
6.5,6,10,7,82,2716,Declining
7.3,9,23,10,89,5991,Declining
5.5,7,54,8,82,7759,Declining
7.5,4,10,5,74,3218,Declining
4.5,7,43,5,82,5727,Declining
6.8,6,67,6,81,7752,Stable
6.4,4,41,10,83,5638,Declining
5.6,6,28,2,75,5288,Stable
7.1,4,29,10,80,4329,Declining
6.6,6,66,9,83,6716,Stable
7.0,7,41,8,88,7957,Stable
7.5,5,10,5,82,4835,Stable
8.7,4,76,8,70,7296,Improving
7.8,6,33,2,70,6078,Improving
7.6,6,10,4,77,4984,Stable
5.7,8,57,6,79,7764,Stable
5.9,8,56,2,80,8384,Improving
5.5,5,41,5,77,5206,Declining
8.1,6,65,7,66,7540,Improving
5.4,6,61,7,76,8492,Declining
6.9,2,10,9,94,1964,Declining
6.6,4,51,3,76,6900,Stable
7.1,3,46,5,75,5731,Stable
5.9,8,71,2,80,10883,Improving
6.6,5,10,4,82,3124,Declining
8.5,4,47,5,79,7619,Improving
7.8,8,65,4,67,9029,Improving
5.7,7,19,1,73,5234,Stable
8.0,6,71,10,79,8794,Stable
7.4,3,51,5,69,6713,Stable
4.8,8,45,4,78,8538,Stable
6.6,6,77,1,71,10494,Improving
7.9,8,66,6,70,10843,Improving
4.7,6,48,8,84,6956,Declining
6.6,6,70,7,79,9807,Stable
8.0,8,53,6,81,7604,Improving
5.3,4,10,4,83,3972,Declining
7.4,5,36,7,79,5924,Stable
7.0,8,20,1,74,5901,Improving
6.5,9,38,8,88,6329,Stable
5.6,3,10,5,80,3549,Declining
4.8,6,55,5,85,6890,Declining
6.5,7,42,4,71,7045,Improving
7.7,8,47,8,83,7743,Improving
7.0,7,10,2,78,4409,Improving
8.5,5,66,7,71,11325,Improving
7.2,6,84,8,85,10024,Improving
4.8,6,47,7,91,5255,Declining
8.8,6,51,10,82,7982,Stable
5.2,5,26,8,78,4439,Declining
6.1,5,54,6,82,8102,Stable
8.7,8,41,5,72,7192,Improving
6.7,7,58,6,79,9028,Stable
7.1,8,10,8,82,5103,Declining
7.4,6,10,4,81,3516,Stable
4.9,5,28,5,83,4580,Declining
6.4,4,84,5,81,9905,Stable
7.6,7,44,5,77,7970,Improving
8.1,3,36,4,74,5457,Stable
7.9,9,69,5,75,10006,Improving
7.2,7,101,10,88,12625,Improving
8.8,6,13,5,79,4781,Improving
6.4,7,58,8,79,7995,Stable
7.3,6,55,8,83,7615,Stable
6.9,6,79,8,82,8398,Stable
7.1,7,60,9,82,7361,Stable
4.7,5,57,8,92,6855,Declining
5.3,3,49,6,80,5357,Declining
6.1,5,51,7,74,8007,Declining
5.7,7,10,5,84,2392,Declining
7.9,9,48,5,75,8943,Improving
4.5,5,15,7,93,4020,Declining
6.5,8,46,3,83,8022,Improving
8.1,5,11,8,84,3884,Declining
6.5,8,48,6,83,7967,Stable
7.2,6,57,5,82,7673,Improving
7.4,6,63,3,84,10094,Improving
6.3,7,65,5,78,8729,Improving
7.1,8,32,7,83,7129,Stable
5.7,4,53,8,82,7240,Declining
7.5,4,12,5,80,3848,Declining
5.2,10,26,8,88,6128,Declining
7.2,5,42,3,77,4579,Improving
6.5,6,48,2,73,6689,Improving
6.8,9,35,9,94,9158,Stable
7.0,7,55,4,77,7748,Improving
8.2,6,64,4,73,8835,Improving
7.8,10,49,7,77,9312,Improving
6.9,8,37,8,84,5346,Stable
8.4,5,49,8,78,6432,Stable
6.9,3,79,9,79,8614,Declining
6.1,5,59,3,77,8051,Stable
7.1,9,63,6,78,9285,Improving
7.1,7,17,5,81,5269,Stable
5.8,3,31,3,81,5257,Declining
7.5,6,12,2,75,5366,Improving
6.1,6,120,6,81,12955,Improving
7.9,6,24,4,74,4653,Improving
7.2,9,46,3,83,8212,Improving
7.0,5,83,7,76,10371,Stable
5.2,10,43,3,83,8918,Improving
6.1,7,14,7,87,5382,Declining
7.5,7,58,7,85,9224,Improving
5.7,7,12,5,80,3850,Declining
6.3,4,15,4,79,3877,Declining
5.6,8,36,8,81,6340,Declining
5.8,8,38,2,69,8631,Improving
5.9,9,56,9,88,10479,Stable
7.2,5,30,8,78,5138,Declining
6.6,9,93,6,73,11180,Improving
7.9,7,20,4,75,5726,Improving
6.8,8,13,5,79,5517,Stable
7.5,3,53,4,77,6659,Stable
5.1,5,41,5,80,7514,Declining
8.6,4,38,5,76,5056,Improving
6.2,6,70,5,82,9624,Stable
4.7,4,43,8,83,6110,Declining
7.0,7,58,8,74,8293,Stable
6.1,6,14,9,95,4445,Declining
6.4,2,84,6,75,8869,Stable
6.9,5,48,5,77,8178,Stable
6.6,6,39,7,87,8052,Declining
6.9,6,52,8,85,7148,Stable
6.8,4,52,6,74,6560,Stable
5.7,1,55,9,87,5028,Declining
6.6,9,57,3,75,9824,Improving
6.8,10,78,7,81,10063,Improving
5.8,6,60,4,73,8746,Stable
4.5,2,34,8,75,5406,Declining
8.9,4,70,3,71,8129,Improving
7.0,3,79,4,74,11126,Improving
5.3,7,38,4,76,5695,Stable
4.5,5,66,6,77,7881,Declining
8.7,8,44,8,74,7332,Improving
6.6,3,55,4,70,6753,Stable
9.0,3,23,1,72,4822,Improving
6.5,8,52,5,80,8095,Improving
8.1,3,67,7,79,6192,Stable
4.8,5,83,6,77,11372,Declining
5.8,6,65,7,78,8016,Stable
7.1,5,20,6,80,4624,Declining
6.1,6,82,9,85,8198,Stable
6.5,4,50,2,64,7814,Stable
7.0,7,40,6,86,7142,Stable
5.6,3,40,6,85,5168,Declining
5.4,6,35,6,86,6420,Declining
6.5,8,45,5,75,8245,Improving
5.9,10,33,5,78,7125,Improving
7.1,6,33,5,79,5847,Stable
7.6,6,35,4,78,5648,Improving
6.1,6,72,10,82,7792,Declining
7.1,5,41,5,80,7224,Stable
6.8,6,37,1,75,6095,Improving
5.7,5,31,6,81,6063,Declining
5.0,8,37,6,86,7187,Declining
4.5,10,51,3,78,9954,Improving
5.6,5,92,8,82,9242,Stable
5.8,8,37,2,74,8115,Improving
6.7,5,64,7,77,8527,Stable
6.8,8,70,4,72,8659,Improving
4.5,5,37,2,75,7421,Declining
4.5,2,59,9,80,6047,Declining
9.0,10,69,5,65,9739,Improving
5.9,7,79,6,85,9709,Improving
8.0,8,79,9,70,5935,Improving
7.9,7,93,9,80,11174,Improving
6.2,3,16,10,88,2484,Declining
6.5,7,23,6,82,5362,Stable
7.9,6,63,4,81,9083,Improving
6.8,2,60,5,76,8225,Declining
7.6,3,29,5,77,3840,Stable
8.3,3,66,6,73,8673,Stable
4.5,5,65,1,71,7712,Stable
5.8,6,57,6,84,6874,Stable
7.9,4,39,2,76,6772,Improving
7.5,6,20,7,89,4559,Stable
7.7,5,40,3,66,5598,Improving
7.1,9,59,8,78,9421,Improving
7.1,6,75,2,75,10703,Improving
5.2,6,68,2,74,10079,Improving
8.1,5,56,8,87,9339,Stable
8.0,6,18,9,91,4440,Declining
5.9,7,81,6,77,9127,Improving
7.0,6,66,10,78,6233,Declining
7.2,4,50,7,78,2777,Declining
8.0,10,16,8,77,5188,Improving
9.0,8,44,5,75,7163,Improving
8.0,5,18,7,85,4508,Declining
6.8,9,49,7,83,8224,Improving
5.7,3,42,7,89,5644,Declining
9.0,5,29,4,80,5108,Improving
4.6,8,51,5,84,6684,Stable
6.0,6,37,8,84,5487,Declining
6.9,7,50,5,83,7849,Improving
6.9,2,47,9,97,4861,Declining
6.2,7,36,6,81,7476,Stable
4.5,7,43,7,76,6694,Declining
6.8,6,22,5,79,5422,Stable
5.9,4,54,5,80,8313,Declining
6.3,7,57,5,74,7025,Improving
7.2,7,46,5,81,6436,Improving
7.2,8,10,6,88,5936,Stable
7.2,8,55,7,81,8027,Improving
5.0,2,52,8,96,6290,Declining
8.9,8,79,2,71,11424,Improving
5.6,8,39,7,79,6672,Declining
5.4,3,59,1,74,8128,Stable
7.6,9,43,7,84,6151,Improving
5.7,7,30,8,81,4779,Declining
4.5,6,64,10,85,7947,Declining
7.9,6,60,5,65,8625,Improving
6.6,6,48,2,73,7443,Improving
4.8,7,50,5,84,8491,Stable
5.9,5,22,7,80,5338,Declining
7.4,4,19,2,71,4060,Stable
9.0,9,61,7,76,7563,Improving
8.2,4,47,5,78,4868,Improving
4.5,6,23,7,79,4467,Declining
7.8,4,12,4,74,5088,Stable
8.4,6,54,3,70,8273,Improving
7.8,8,61,4,75,9375,Improving
6.2,5,69,7,74,8707,Stable
6.9,3,38,7,84,3791,Declining
7.8,8,36,2,70,7731,Improving
4.8,5,87,6,75,10234,Stable
7.5,7,55,2,73,9558,Improving
7.5,4,13,7,81,3206,Declining
6.7,6,27,7,85,4754,Declining
6.6,6,24,7,81,5140,Declining
4.7,5,23,7,79,3100,Declining
5.2,6,48,7,78,7585,Declining
5.9,6,71,6,78,9106,Stable
7.3,3,64,10,78,7241,Declining
7.5,1,63,4,79,7128,Stable
7.0,5,52,5,75,7094,Stable
7.6,3,24,9,90,7308,Declining
5.5,6,29,6,89,4961,Declining
6.8,9,51,3,82,7896,Improving
7.4,7,26,8,83,5891,Stable
6.9,6,67,6,77,8724,Improving
8.3,7,52,7,80,7367,Improving
7.3,2,44,9,87,3213,Declining
7.3,5,53,6,75,7733,Stable
5.1,7,15,3,79,6192,Declining
6.2,6,73,10,88,7755,Declining
5.8,7,70,5,87,8211,Improving
7.2,9,29,7,72,5321,Stable
7.0,2,34,6,83,4507,Declining
8.0,3,39,6,77,3171,Stable
4.5,2,56,5,89,7150,Declining
4.5,1,26,6,86,3185,Declining
5.7,3,87,7,77,9610,Declining
7.1,7,69,5,77,8223,Improving
4.6,7,10,5,86,5343,Declining
7.2,8,31,6,78,5532,Stable
7.3,8,58,3,79,8437,Improving
6.9,7,42,4,77,6578,Improving
8.4,2,36,4,75,6084,Stable
6.9,3,22,4,77,4324,Declining
6.4,7,10,6,84,4534,Declining
5.5,5,70,7,81,9529,Declining
8.0,8,51,1,71,9099,Improving
4.5,8,23,6,89,6106,Declining
4.5,4,59,6,74,7747,Declining
4.6,5,50,1,79,7565,Stable
7.1,6,10,5,80,3539,Stable
7.0,6,34,7,85,6415,Stable
7.2,9,37,9,92,11125,Stable
6.2,6,40,9,88,5992,Declining
5.9,7,72,3,72,9313,Improving
4.7,4,61,4,82,8028,Declining
7.3,4,38,8,83,4684,Declining
7.9,7,59,1,70,8437,Improving
8.2,7,21,5,67,5200,Improving
5.7,6,51,6,78,7080,Stable
5.7,9,44,6,78,7389,Stable
6.3,6,57,1,74,8447,Improving
5.3,4,60,4,83,7493,Declining
7.8,4,72,2,69,8408,Improving
9.0,8,63,7,72,9639,Improving
6.8,4,56,2,73,7682,Improving
5.3,5,79,5,75,11749,Stable
6.5,5,55,7,73,7956,Declining
6.5,8,15,8,83,4837,Declining
6.0,4,48,8,77,7623,Declining
9.0,6,64,3,80,8945,Improving
6.4,8,55,5,88,8432,Improving
6.5,7,21,8,85,6683,Declining
8.3,3,69,5,68,7228,Improving
7.1,5,10,6,79,3245,Declining
6.4,7,57,3,68,9302,Improving
6.0,8,58,4,78,8358,Improving
6.5,5,35,10,87,6904,Declining
4.6,5,80,6,85,9685,Declining
7.4,5,25,5,66,3756,Stable
6.6,6,39,5,83,5917,Stable
6.7,1,10,9,83,1693,Declining
7.5,9,15,5,72,3409,Improving
7.6,9,45,5,77,7266,Improving
7.5,6,72,7,86,8759,Improving
6.1,7,21,1,74,7371,Improving
5.4,7,45,2,76,9808,Improving
6.8,8,51,6,75,8202,Improving
5.7,7,56,4,74,7982,Stable
6.6,5,33,3,77,4416,Stable
5.7,5,13,7,86,2547,Declining
6.4,8,49,4,72,8171,Improving
5.6,7,80,9,86,10868,Stable
8.3,4,89,8,78,9818,Improving
6.1,7,83,4,76,9703,Improving
5.6,8,47,5,85,7104,Stable
6.9,5,16,10,84,4323,Declining
6.3,6,35,3,72,5753,Stable
4.5,4,26,4,76,4882,Declining
5.9,9,61,5,80,9995,Improving
6.9,5,74,4,75,9774,Improving
5.8,8,62,2,78,8885,Improving
7.0,9,54,6,77,6788,Improving
9.0,8,19,5,76,5518,Improving
7.5,6,27,7,88,4438,Stable
7.1,9,32,1,72,6036,Improving
6.3,10,51,4,72,8515,Improving
7.4,3,43,9,81,6291,Declining
5.3,5,40,2,76,5037,Stable
5.9,2,41,8,86,6077,Declining
5.2,4,25,8,82,3977,Declining
7.4,4,10,9,87,3756,Declining
7.5,5,56,4,74,6634,Improving
6.9,5,36,5,81,6383,Stable
7.7,4,10,2,71,4454,Stable
9.0,4,50,1,73,8042,Improving
5.7,6,79,2,68,11449,Improving
5.4,1,16,3,77,3571,Declining
7.8,9,60,8,80,8434,Improving
4.8,6,68,8,81,9494,Declining
5.1,5,67,5,79,8796,Stable
7.5,6,90,4,73,11360,Improving
7.4,6,56,4,78,8060,Improving
6.4,6,53,3,74,7867,Improving
6.3,7,86,7,83,10136,Improving
5.0,8,49,9,82,7714,Declining
6.1,5,34,3,70,6631,Stable
6.9,8,10,8,80,3392,Declining
8.9,5,10,9,92,3213,Declining
6.0,5,34,8,91,4972,Declining
7.1,10,40,7,78,7695,Improving
5.3,8,49,7,85,6830,Stable
6.3,7,28,5,78,6069,Stable
5.6,10,48,4,75,8583,Improving
4.7,7,41,3,80,7795,Stable
4.5,3,83,1,76,10891,Stable
5.7,5,27,8,83,4969,Declining
7.3,8,55,8,80,7721,Stable
6.1,6,57,9,85,7769,Declining
9.0,4,61,1,66,6974,Improving
6.2,6,27,3,76,6254,Stable
7.0,7,58,4,84,8460,Improving
4.7,3,36,7,79,3276,Declining
6.1,8,52,2,67,5724,Improving
6.1,6,69,5,73,8554,Stable
9.0,6,49,1,71,8072,Improving
7.9,8,70,7,72,10717,Improving
7.6,5,41,5,79,7507,Stable
5.8,6,53,8,80,5730,Declining
8.6,7,15,4,76,7175,Improving
6.6,7,39,7,77,5803,Stable
7.1,6,42,6,79,6765,Stable
7.0,4,75,5,79,8141,Stable
6.5,8,71,8,82,3582,Stable
4.7,4,23,3,80,5662,Declining
6.8,4,48,5,73,7623,Stable
7.2,4,31,7,76,6529,Declining
4.6,5,20,3,81,5389,Declining
5.5,7,42,8,82,7943,Declining
6.1,8,28,3,85,6626,Improving
6.9,6,24,5,72,5024,Stable
6.7,8,25,7,84,4904,Stable
7.0,6,101,7,74,11879,Improving
5.7,7,24,8,89,5047,Declining
5.6,7,53,3,82,8261,Improving
8.9,5,33,7,78,7576,Stable
6.6,4,43,9,76,6057,Declining
7.4,5,30,8,87,3497,Declining
5.4,9,10,8,73,5144,Declining
8.1,5,38,5,76,5833,Improving
8.7,6,14,4,82,2883,Improving
6.0,8,42,9,98,5296,Declining
6.3,6,55,5,74,7735,Stable
7.8,3,37,3,75,5531,Stable
5.4,3,29,7,86,3488,Declining
7.7,5,52,5,76,7825,Improving
5.7,7,42,6,84,6176,Stable
9.0,3,24,6,75,3278,Stable
6.9,4,28,6,83,5189,Declining
6.3,5,67,4,80,7817,Stable
9.0,8,70,5,68,10421,Improving
6.7,6,26,3,80,5769,Stable
8.1,7,35,3,74,6096,Improving
7.6,5,25,3,76,4665,Improving
7.2,6,85,1,64,12188,Improving
5.8,7,62,3,79,10534,Improving
5.4,10,86,1,74,12343,Improving
7.4,6,14,8,86,3087,Declining
7.1,4,44,7,76,5292,Declining
7.4,3,66,4,69,8176,Improving
7.9,9,85,8,77,11574,Improving
7.7,8,84,4,76,10088,Improving
5.0,6,44,5,83,5573,Declining
7.7,10,48,4,79,8795,Improving
7.9,7,10,9,86,3415,Declining
4.5,10,38,5,82,7548,Stable
6.6,9,80,5,79,11091,Improving
7.3,3,49,9,83,6089,Declining
7.8,7,69,5,76,10667,Improving
7.1,8,31,5,79,5420,Improving
6.6,6,43,8,86,6789,Declining
6.8,9,10,7,88,3429,Stable
7.0,6,56,5,78,7789,Improving
5.6,3,44,3,78,6904,Declining
5.2,6,10,3,86,6019,Declining
6.2,7,19,5,81,5172,Stable
5.7,5,63,5,81,6240,Stable
6.1,4,71,7,77,8428,Declining
5.2,4,80,5,80,9215,Stable
6.8,3,64,1,66,7616,Improving
4.9,10,52,5,81,9207,Stable
9.0,4,50,5,85,7249,Improving
4.5,5,83,9,87,10991,Declining
8.1,3,71,8,76,8032,Stable
6.2,6,26,7,87,4897,Declining
5.5,7,82,6,78,10354,Stable
7.2,5,17,1,83,3225,Improving
6.1,9,39,5,81,6413,Improving
8.1,8,62,10,87,6699,Improving
6.9,8,63,6,84,8326,Improving
7.5,7,30,1,75,7493,Improving
7.2,7,29,6,82,7251,Stable
6.6,9,54,7,85,8431,Improving
7.3,5,19,6,77,3264,Declining
7.3,5,40,6,84,6178,Stable
6.8,6,10,5,83,2979,Declining
5.0,5,62,7,79,8853,Declining
7.3,4,10,5,77,3248,Declining
4.5,6,30,2,75,7381,Declining
6.1,5,42,8,84,6213,Declining
6.7,7,42,8,80,7223,Stable
6.9,6,45,3,76,6353,Improving
7.9,9,55,10,84,8818,Improving
4.6,7,67,7,85,7996,Declining
5.5,9,64,4,80,8983,Improving
6.0,6,87,6,79,11510,Stable
6.6,3,48,7,85,7058,Declining
7.7,8,13,6,78,3889,Stable
6.2,10,66,9,83,9799,Stable
5.8,4,76,3,83,9129,Stable
6.9,6,44,8,83,6741,Declining
7.0,8,33,8,89,5471,Stable
4.6,6,83,3,71,11739,Stable
7.3,5,29,9,81,6040,Declining
6.0,7,60,4,80,9735,Improving
7.9,5,67,9,74,7732,Stable
5.8,9,25,9,92,4577,Declining
6.6,6,36,6,73,5740,Stable
7.5,7,35,5,77,6301,Improving
8.5,4,68,4,80,8051,Improving
6.9,2,50,5,79,7810,Declining
4.5,5,29,6,86,4174,Declining
6.8,5,86,5,75,11826,Improving
6.5,7,61,4,72,7766,Improving
7.0,7,12,8,85,2847,Declining
8.6,5,104,6,75,14226,Improving
5.9,6,18,7,88,5598,Declining
7.4,4,63,3,76,8551,Improving
7.7,8,55,4,82,8343,Improving
5.4,9,47,5,78,9490,Stable
5.0,8,11,3,80,4347,Stable
6.4,4,66,5,68,6912,Stable
8.2,7,68,6,82,9055,Improving
7.7,7,68,7,75,8917,Improving
5.6,4,62,1,64,6969,Improving
6.5,7,52,5,79,8254,Improving
6.1,6,35,8,82,6212,Declining
6.2,4,39,3,74,5061,Stable
4.5,6,57,9,86,8276,Declining
8.2,2,37,7,73,6094,Declining
4.9,3,52,2,71,6661,Declining
7.2,6,35,8,83,4757,Declining
4.5,9,40,8,88,6860,Declining
6.3,6,45,4,70,6435,Stable
5.1,6,39,2,77,7786,Stable
7.4,7,48,5,74,6727,Improving
5.8,4,42,5,84,6435,Declining
6.1,9,80,8,83,10686,Improving
4.5,8,36,1,76,8100,Stable
4.5,8,70,9,88,8678,Declining
7.4,6,45,5,76,5616,Improving
6.6,10,39,10,88,7286,Stable
8.4,6,25,5,76,5001,Improving
8.4,6,39,2,71,6774,Improving
5.6,7,35,9,85,5788,Declining
7.2,6,86,8,86,9956,Improving
7.0,6,22,3,79,6403,Stable
6.5,6,80,3,77,9294,Improving
5.8,6,39,7,84,5943,Declining
7.1,5,18,6,81,4209,Declining
5.8,10,78,5,82,12027,Improving
8.2,10,41,3,73,8291,Improving
5.3,7,44,5,87,8551,Stable
7.3,7,47,9,84,7807,Stable
6.6,5,10,7,86,3127,Declining
7.9,5,60,4,85,7848,Improving
5.4,6,40,5,73,5256,Declining
7.7,1,68,7,71,7757,Declining
7.4,10,44,4,85,7847,Improving
7.6,7,15,5,80,4502,Stable
7.4,7,72,7,79,10336,Improving
5.7,2,19,5,84,4667,Declining
6.1,6,41,5,80,5695,Stable
7.5,6,82,6,76,10127,Improving
6.2,6,16,2,76,5619,Stable
5.0,5,32,8,85,3882,Declining
6.7,4,49,7,84,7377,Declining
7.2,3,39,4,69,4924,Stable
5.9,6,49,5,78,7564,Stable
5.6,9,56,4,80,8421,Improving
7.5,7,53,8,79,7059,Stable
4.5,2,36,5,71,5657,Declining
6.3,6,30,10,82,4891,Declining
7.1,4,12,10,89,2462,Declining
8.0,8,33,6,75,6476,Improving
8.4,5,40,7,79,5172,Stable
7.2,3,62,7,81,7988,Declining
6.7,5,53,3,77,9222,Improving
6.4,7,52,5,77,7516,Stable
6.3,3,31,5,75,3699,Declining
7.0,7,28,5,76,7134,Stable
8.3,6,10,6,80,3577,Stable
5.6,7,38,4,78,5066,Stable
7.2,7,56,10,87,7426,Stable
6.7,9,69,10,79,9461,Stable
4.9,2,94,2,75,9029,Stable
9.0,9,31,5,68,6292,Improving
6.1,10,46,7,73,6300,Stable
7.1,10,71,9,74,9891,Improving
7.5,7,61,7,79,7292,Improving
6.0,4,27,5,81,4801,Declining
6.2,10,39,6,82,6895,Improving
7.2,8,10,6,82,5175,Stable
5.5,6,53,6,86,6164,Declining
5.8,3,49,6,78,6371,Declining
6.8,4,43,4,76,5385,Stable
9.0,5,46,6,72,7265,Improving
7.1,7,50,6,74,6748,Improving
7.1,4,45,5,82,7089,Stable
4.5,6,39,8,86,6467,Declining
5.3,5,25,7,85,4601,Declining
6.5,6,72,8,75,7988,Stable
6.9,7,50,7,78,6012,Stable
6.8,7,12,7,91,5659,Declining
5.5,4,63,3,72,8516,Stable
6.2,7,39,3,75,8145,Improving
7.1,4,69,5,83,7506,Stable
5.9,7,51,5,76,7977,Stable
6.6,6,85,6,71,9763,Improving
8.4,7,30,8,82,6613,Stable
6.7,5,60,6,74,6949,Stable
6.3,5,35,8,82,5810,Declining
8.7,6,48,7,81,7512,Improving
7.0,6,34,3,77,6176,Improving
7.5,8,59,3,77,11538,Improving
7.3,6,27,10,90,5122,Declining
6.3,8,33,7,73,5859,Stable
6.3,9,53,7,89,8810,Stable
5.0,7,35,8,82,5837,Declining
8.7,5,16,5,75,3324,Stable
5.6,6,29,3,75,4431,Stable
6.4,4,16,6,88,3346,Declining
5.1,7,25,8,83,4151,Declining
5.5,7,33,3,72,5920,Stable
7.0,7,35,6,80,6102,Stable
8.6,9,85,6,72,10966,Improving
5.6,6,11,5,80,5409,Declining
8.1,4,10,4,79,4626,Stable
7.7,6,34,6,83,5861,Stable
8.5,6,42,3,73,5181,Improving
7.0,5,22,6,73,4713,Declining
7.3,5,63,8,76,8584,Stable
7.7,6,10,4,71,4088,Stable
5.9,6,85,6,74,11761,Stable
7.9,6,53,7,80,8867,Stable
4.9,6,13,4,84,4832,Declining
5.1,7,12,5,84,4655,Declining
7.9,8,61,3,75,9969,Improving
7.0,10,67,2,70,10612,Improving
6.2,10,81,4,78,11023,Improving
7.3,8,90,2,69,11375,Improving
5.7,3,41,8,86,5866,Declining
5.4,8,35,4,72,6471,Stable
5.2,7,32,5,76,6754,Declining
7.0,9,34,5,84,7507,Improving
8.4,1,35,3,74,4710,Stable
7.5,5,73,5,84,8980,Improving
6.2,6,11,3,77,5029,Stable
7.0,4,53,2,75,7167,Improving
6.1,5,38,3,85,6405,Stable
9.0,7,18,3,72,3572,Improving
6.6,10,68,3,73,9989,Improving
6.0,7,55,4,82,6467,Improving
5.6,4,69,6,81,8327,Declining
6.8,5,10,5,75,3307,Declining
6.9,4,42,9,77,5815,Declining
6.6,3,36,6,83,4825,Declining
7.7,3,36,3,70,6660,Stable
7.0,6,35,6,83,6916,Stable
6.0,7,60,3,71,4324,Improving
8.2,8,45,4,79,8553,Improving
6.4,6,57,8,83,5748,Declining
8.9,6,34,3,73,5941,Improving
6.3,9,43,6,84,6653,Stable
6.6,8,10,5,83,4151,Stable
8.6,7,56,4,68,10278,Improving
5.6,5,58,2,78,8274,Stable
8.4,6,44,5,79,7014,Improving
6.2,5,18,7,78,3640,Declining
7.3,7,79,6,75,9177,Improving
5.6,5,67,1,80,9570,Improving
4.8,5,79,5,78,8639,Stable
5.6,6,60,4,74,8436,Stable
7.0,6,28,1,63,6291,Improving
7.6,7,64,3,68,9738,Improving
7.1,7,63,7,73,9626,Improving
6.2,3,36,5,81,5368,Declining
5.5,9,51,4,75,9023,Improving
6.7,6,25,1,70,5580,Improving
7.1,6,34,5,82,6653,Stable
6.0,3,51,8,90,6061,Declining
8.9,9,51,5,75,7188,Improving
6.4,6,52,4,81,7845,Stable
5.7,6,64,3,75,10512,Improving
6.9,5,28,4,75,5183,Stable
8.1,6,22,4,70,4575,Improving
6.7,2,33,5,75,6423,Declining
7.4,8,20,7,78,5128,Stable
4.8,7,49,5,77,8145,Stable
7.7,2,56,10,86,6756,Declining
7.3,4,46,5,82,6110,Stable
8.2,5,15,8,86,3273,Declining
7.5,5,73,4,67,11144,Improving
7.3,5,56,5,71,7256,Improving
6.6,4,38,8,82,5629,Declining
5.5,8,64,5,77,10214,Improving
5.1,3,47,6,82,7248,Declining
8.1,7,40,8,79,6643,Stable
5.9,7,56,2,82,9528,Improving
6.4,7,91,8,82,10623,Improving
7.5,3,85,5,80,9645,Improving
6.8,5,51,5,79,9638,Stable
7.5,7,34,4,79,8033,Improving
7.9,7,56,5,79,7936,Improving
6.3,8,48,8,78,7711,Stable
8.1,10,33,6,76,7527,Improving
7.6,5,63,8,78,7438,Stable
7.1,5,45,1,73,7938,Improving
5.6,10,34,3,75,6113,Improving
7.4,8,30,9,82,4883,Stable
7.0,6,68,3,75,7396,Improving
6.3,8,24,9,78,5885,Declining
6.3,5,46,1,68,7566,Improving
5.1,8,47,5,86,8986,Stable
5.9,4,39,7,85,6930,Declining
6.7,7,68,5,72,7962,Improving
6.9,10,32,9,86,4947,Stable
5.6,2,41,7,76,6204,Declining
5.8,6,89,6,76,10264,Stable
5.9,7,58,5,76,6897,Stable
7.6,8,37,6,77,7149,Improving
7.1,7,52,4,77,7050,Improving
7.4,6,40,7,78,7519,Stable
7.1,1,47,5,75,5823,Declining
7.2,5,23,5,74,4329,Stable
6.5,9,38,7,80,7148,Stable
7.3,3,35,9,78,3912,Declining
7.6,2,72,6,78,7824,Stable
6.8,5,77,6,81,11061,Stable
9.0,6,54,8,78,8167,Improving
8.3,7,66,4,70,9590,Improving
5.0,8,31,2,75,5600,Stable
7.1,6,66,4,78,8969,Improving
8.7,10,43,6,72,8225,Improving
7.0,4,67,7,75,6902,Stable
4.5,7,44,9,89,7082,Declining
6.4,3,38,5,82,5430,Declining
7.7,6,65,6,84,8603,Improving
7.1,8,65,7,77,8762,Improving
6.1,5,75,5,81,10958,Stable
5.1,6,10,7,81,4299,Declining
7.5,7,60,8,78,9850,Stable
6.0,8,34,7,83,7446,Stable
5.1,5,31,3,81,6593,Declining
7.9,7,78,6,77,10417,Improving
6.0,8,40,3,78,6317,Improving
4.5,10,39,6,80,6436,Stable
5.2,4,30,5,77,7563,Declining
8.0,3,44,2,72,7046,Improving
8.1,6,63,6,80,10248,Improving
7.0,5,46,2,75,7013,Improving
6.4,6,49,4,74,6749,Stable
7.3,9,29,7,84,7206,Stable
7.4,8,12,8,81,4690,Stable
7.0,7,84,7,80,8886,Improving
6.1,4,60,7,81,7093,Declining
7.5,8,51,6,78,8477,Improving
5.9,6,58,5,81,9164,Stable
7.3,6,52,8,82,7513,Stable
6.0,5,10,8,88,3090,Declining
5.1,6,92,8,77,11232,Stable
7.9,5,45,3,70,8178,Improving
7.0,6,10,4,74,4815,Stable
8.7,6,89,9,80,8743,Improving
7.0,8,22,8,85,4654,Stable
5.0,8,65,6,84,9583,Stable
7.2,6,35,4,80,6480,Improving
6.7,7,48,6,87,6799,Stable
5.4,6,36,6,83,6020,Declining
6.4,7,38,6,76,5891,Stable
8.3,6,75,5,77,9159,Improving
7.6,5,30,6,82,4479,Stable
4.9,7,48,3,78,8360,Stable
6.0,7,49,5,75,7796,Stable
5.4,5,30,6,84,4771,Declining
7.0,8,27,4,75,6574,Improving
6.3,9,64,7,78,9550,Improving
7.8,6,65,7,77,8582,Improving
6.5,4,54,4,79,7552,Stable
9.0,7,17,9,83,4367,Stable
6.1,6,62,7,89,8701,Stable
5.6,9,45,5,85,8676,Stable
7.1,4,28,1,64,5130,Improving
6.2,5,60,6,84,9481,Stable
4.7,2,64,5,85,7980,Declining
7.9,5,55,4,72,7643,Improving
8.2,4,83,8,74,8245,Improving
8.6,7,34,2,72,6409,Improving
8.6,4,63,10,85,7737,Stable
7.1,4,38,8,82,6965,Declining
5.8,2,61,10,84,7121,Declining
7.5,7,26,6,81,3779,Stable
8.5,2,56,8,77,4979,Stable
5.7,4,51,7,80,5213,Declining
5.1,4,51,7,77,6945,Declining
8.8,5,37,4,71,5351,Improving
6.4,9,38,7,88,6448,Stable
6.4,5,33,6,80,5628,Declining
7.7,5,61,4,74,7761,Improving
5.5,5,65,4,78,8169,Stable
7.4,7,44,3,80,8573,Improving
5.9,9,19,8,89,4608,Declining
7.5,3,42,7,89,6268,Declining
5.9,4,48,3,71,7500,Stable
6.3,6,73,8,86,8726,Stable
5.2,7,54,1,73,8343,Improving
7.3,5,19,6,80,3733,Declining
6.3,4,10,3,85,2423,Declining
5.3,7,55,4,77,8050,Stable
6.2,9,35,8,89,5882,Stable
6.4,7,46,4,66,8214,Improving
6.5,9,34,3,72,11936,Improving
5.2,6,60,2,69,8120,Improving
5.4,4,60,5,83,6050,Declining
7.2,6,67,7,91,3326,Stable
7.3,9,53,3,78,8673,Improving
7.7,8,49,6,75,8566,Improving
5.7,3,10,5,78,5302,Declining
6.8,5,71,4,65,8116,Improving
5.7,5,46,5,80,7732,Declining
9.0,3,70,7,67,8904,Improving
5.3,6,32,7,77,4741,Declining
6.7,6,63,8,81,8504,Stable
7.0,1,19,5,73,4085,Declining
6.0,6,10,5,78,3301,Declining
8.6,4,43,5,74,7881,Improving
6.5,6,72,1,67,9096,Improving
6.8,6,41,5,78,6329,Stable
8.9,4,10,5,70,3993,Stable
7.8,1,39,10,84,5072,Declining
6.7,7,37,8,83,6921,Declining
7.4,3,83,4,74,9182,Improving
5.7,6,41,4,82,7447,Stable
7.1,5,19,4,79,3797,Stable
5.9,9,55,9,84,8063,Stable
7.6,7,62,4,75,9054,Improving
6.9,3,11,7,75,2247,Declining
8.5,10,37,7,76,7866,Improving
5.4,8,83,4,80,10185,Improving
7.0,5,68,4,79,8104,Improving
6.7,4,39,2,76,8054,Stable
6.5,8,47,4,77,7830,Improving
7.0,2,45,8,87,6180,Declining
5.9,9,34,6,86,6027,Stable
7.3,8,38,1,75,5701,Improving
8.7,7,10,5,72,4429,Improving
6.9,8,53,2,73,9203,Improving
6.5,4,40,5,83,7178,Declining
6.5,5,68,6,77,9169,Stable
6.6,7,54,10,82,7163,Declining
6.2,5,50,2,78,7232,Improving
6.8,4,51,3,70,7407,Stable
7.6,9,52,1,74,9628,Improving
5.2,7,57,2,74,9967,Improving
5.6,5,66,7,82,7271,Declining
5.2,5,60,5,77,7600,Declining
7.1,4,21,1,73,5216,Stable
5.3,5,28,3,80,5182,Declining
5.9,7,38,8,83,5914,Declining
5.7,4,18,6,88,4551,Declining
4.5,6,53,7,90,7429,Declining
5.7,6,30,8,84,6078,Declining
7.6,4,42,6,70,6482,Stable
7.6,5,33,4,77,4715,Stable
7.9,7,15,6,76,5857,Stable
8.1,6,40,6,71,5116,Improving
6.9,9,10,6,81,4614,Stable
8.4,7,37,9,81,5205,Stable
6.9,5,24,6,78,5448,Declining
6.6,5,33,10,93,5166,Declining
6.6,6,22,10,89,4821,Declining
8.1,7,10,6,77,4616,Stable
6.1,3,47,6,76,7469,Declining
7.3,4,42,4,78,5569,Stable
5.6,7,41,5,83,5768,Stable
5.2,7,86,5,78,10386,Improving
7.2,7,31,1,72,5201,Improving
9.0,5,13,10,87,3128,Declining
5.5,5,51,2,68,6703,Stable
6.8,9,36,5,74,8073,Improving
4.5,8,32,8,88,4268,Declining
5.7,4,37,4,75,7155,Declining
7.4,5,30,1,67,5455,Improving
7.9,8,47,2,67,8933,Improving
6.2,5,57,6,79,8977,Stable
8.8,2,11,3,78,3843,Stable
6.7,8,92,10,87,10482,Stable
7.7,8,53,6,82,5957,Improving
6.1,5,10,2,73,3185,Stable
6.4,8,82,7,91,11788,Improving
7.1,6,37,4,75,5474,Improving
6.7,3,35,6,79,5648,Declining
7.9,3,22,6,86,4282,Declining
4.8,6,29,8,85,4832,Declining
5.2,4,47,5,87,6040,Declining
6.9,8,15,5,81,4679,Stable
8.2,6,71,6,75,7644,Improving
5.5,3,46,4,89,6681,Declining
7.3,9,36,6,87,7468,Improving
5.6,9,36,7,88,6499,Stable
7.1,4,28,7,78,6552,Declining
8.0,6,57,9,81,8604,Stable
5.1,6,30,5,86,6225,Declining
5.8,9,29,4,78,6716,Stable
6.6,4,10,6,78,2190,Declining
7.0,3,50,5,81,7198,Stable
5.0,7,71,3,76,9383,Improving
7.3,5,43,6,73,6477,Stable
6.3,5,10,7,88,3529,Declining
6.2,5,48,6,82,7234,Declining
6.9,6,69,5,77,7510,Improving
5.4,9,30,6,77,6102,Stable
8.4,6,31,7,82,5013,Stable
7.3,7,10,6,80,4383,Stable
5.7,4,75,9,87,9560,Declining
5.0,6,42,6,81,6240,Declining
6.1,6,79,4,75,9258,Improving
6.1,7,35,8,87,5996,Declining
6.1,10,101,7,76,11403,Improving
7.2,8,45,5,80,6560,Improving
7.6,4,71,7,89,8117,Stable
8.5,9,38,7,78,6530,Improving
8.1,3,50,10,85,4249,Declining
7.5,9,21,9,90,4388,Stable
6.9,6,62,7,82,8942,Stable
5.8,6,32,4,80,4707,Stable
5.7,5,87,2,73,9876,Improving
8.5,7,47,5,81,7187,Improving
7.9,2,65,6,79,8637,Stable
7.1,5,61,7,85,7690,Stable
6.9,6,58,8,84,8422,Stable
7.3,5,39,5,82,6916,Stable
7.5,7,61,3,70,9606,Improving
6.2,6,50,2,77,8177,Improving
7.5,4,54,6,75,5821,Stable
6.8,5,13,5,84,4805,Declining
9.0,6,69,6,74,9993,Improving
6.4,7,49,3,73,7197,Improving
8.0,6,45,1,71,8456,Improving
5.7,8,47,5,86,7122,Stable
8.7,7,45,6,75,7946,Improving
6.3,7,33,4,82,5096,Stable
7.7,7,46,5,83,8193,Improving
7.3,7,42,5,77,7992,Improving
6.1,6,49,10,80,6845,Declining
7.0,3,51,1,66,9111,Improving
8.9,9,56,3,69,9829,Improving
7.0,6,82,9,84,9829,Stable
5.7,3,28,7,85,4186,Declining
6.8,5,34,10,85,4672,Declining
5.1,3,44,7,87,6326,Declining
8.5,4,64,3,75,7891,Improving
5.4,5,86,4,78,10582,Stable
6.6,6,51,7,81,7709,Stable
5.8,7,19,10,88,4194,Declining
7.8,5,28,5,76,6905,Stable
7.3,6,10,4,72,3231,Stable
6.6,5,54,6,76,7287,Stable
6.2,4,60,5,84,8028,Stable
5.8,7,45,4,81,6161,Stable
6.9,7,71,5,78,9223,Improving
9.0,6,31,6,77,5989,Improving
7.2,5,35,7,79,5977,Declining
5.4,6,11,4,80,3681,Declining
6.0,1,33,7,84,4628,Declining
6.2,3,52,5,76,5978,Declining
6.0,7,20,8,79,2784,Declining
5.9,7,31,6,82,6297,Declining
7.5,6,41,4,74,6793,Improving
5.7,10,67,4,72,10202,Improving
5.8,6,32,8,90,4653,Declining
6.3,4,40,1,70,6276,Stable
7.9,7,66,4,73,9722,Improving
4.9,5,15,5,81,3039,Declining
7.6,4,35,4,77,5482,Stable
6.1,8,91,2,73,12009,Improving
8.3,8,53,5,79,8432,Improving
8.1,6,77,7,81,7953,Improving
6.5,9,15,6,84,3966,Stable
4.5,5,50,4,83,7541,Declining
5.0,5,14,7,67,3208,Declining
4.5,3,10,5,86,2473,Declining
5.3,5,57,7,88,7539,Declining
5.3,6,27,4,87,5430,Declining
6.3,6,73,5,83,10325,Improving
5.7,8,52,9,84,8429,Declining
4.9,4,39,5,85,6800,Declining
5.4,6,64,2,74,9143,Improving
7.7,8,20,9,82,4493,Stable
6.7,8,23,6,80,5201,Stable
8.1,9,70,6,74,10137,Improving
4.5,3,46,6,83,5358,Declining
6.4,8,95,9,74,9757,Improving
5.9,8,54,10,92,7132,Declining
6.8,3,13,7,83,3163,Declining
5.1,5,44,5,78,7568,Declining
7.5,3,94,4,72,10172,Improving
5.9,5,35,5,86,5775,Declining
6.1,10,10,4,77,4988,Stable
6.5,7,71,7,78,9799,Stable
6.1,9,57,7,82,10461,Stable
6.5,6,53,7,82,7710,Stable
6.3,3,84,3,71,11709,Improving
8.4,6,10,4,78,1500,Improving
9.0,7,74,6,73,10086,Improving
8.0,7,40,5,77,6043,Improving
7.1,4,44,7,85,6072,Declining
9.0,4,66,3,71,9152,Improving
7.7,8,18,6,67,5180,Stable
8.0,5,28,6,74,4499,Stable
4.7,3,60,4,81,7413,Declining
7.2,5,47,4,76,7283,Improving
7.0,9,65,5,76,10739,Improving
7.6,5,38,6,85,6955,Stable
7.7,6,54,6,80,7419,Improving
6.9,8,69,4,77,10336,Improving
7.4,7,35,1,75,6770,Improving
5.9,7,67,10,95,7240,Declining
7.4,6,70,6,81,9018,Improving
5.6,6,59,4,74,6165,Stable
6.4,7,41,7,88,5598,Stable
7.9,5,19,1,64,4414,Improving
7.1,5,45,3,78,6630,Improving
7.4,5,31,9,83,6001,Declining
7.0,6,44,6,73,7337,Stable
7.8,6,47,5,79,7448,Improving
6.6,4,105,7,74,9838,Stable
8.0,1,53,8,72,5649,Declining
7.1,3,49,1,77,8101,Improving
6.5,6,20,4,76,7669,Stable
6.3,9,27,4,82,7281,Improving
7.7,5,67,6,80,9962,Improving
6.2,7,23,4,79,4567,Stable
6.8,3,74,2,82,5025,Improving
6.1,5,60,2,71,8889,Improving
6.7,5,53,8,74,6991,Declining
4.5,5,38,1,75,5381,Stable
6.1,8,41,8,84,6299,Stable
5.7,3,87,2,73,9538,Improving
7.6,5,67,3,73,6824,Improving
6.3,8,35,6,82,5966,Stable
5.9,7,70,4,79,8517,Improving
5.6,6,29,4,78,4681,Stable
6.3,6,54,5,79,7942,Stable
5.2,7,75,10,84,8018,Declining
9.0,5,30,5,73,4266,Improving
7.6,4,12,3,80,5782,Stable
7.2,7,45,8,77,7099,Stable
6.1,2,33,6,73,5533,Declining
6.6,6,67,3,73,9680,Improving
6.1,2,31,5,78,4038,Declining
8.5,5,53,5,73,9816,Improving
8.0,9,70,3,64,9028,Improving
6.6,6,62,10,87,8105,Declining
6.2,6,63,4,77,8488,Improving
6.9,7,36,4,73,7279,Improving
8.6,4,57,8,86,7171,Stable
6.6,4,45,7,77,7072,Declining
5.2,5,26,4,82,4860,Declining
5.6,9,29,6,73,6878,Stable
7.4,7,84,5,81,11528,Improving
6.8,4,23,8,89,3874,Declining
7.3,5,37,3,75,4539,Improving
7.2,5,52,5,87,7314,Stable
6.4,6,10,9,80,4291,Declining
7.6,6,48,4,78,6084,Improving
5.6,8,10,6,85,4250,Declining
7.6,7,111,7,79,12299,Improving
5.9,7,98,6,79,11218,Improving
6.5,5,12,7,76,3386,Declining
8.0,5,33,9,85,3128,Declining
5.3,4,75,6,79,9608,Declining
9.0,9,43,7,70,6478,Improving
5.7,5,43,4,78,6214,Stable
8.0,7,64,5,70,8282,Improving
6.7,7,71,7,82,8338,Improving
7.6,7,10,8,85,2909,Declining
8.4,6,54,4,66,6825,Improving
4.6,7,29,1,77,5695,Stable
6.9,3,82,8,82,11022,Declining
6.7,6,46,9,81,6749,Declining
7.8,3,54,6,74,6509,Stable
5.9,6,44,4,77,6450,Stable
7.4,7,57,6,79,8768,Improving
5.8,5,26,4,72,3960,Declining
6.2,7,37,6,77,6849,Stable
6.7,6,62,10,88,6124,Declining
6.9,9,12,8,84,5487,Stable
7.0,5,34,3,74,8555,Stable
8.1,6,35,6,79,8174,Stable
8.5,9,50,4,77,8387,Improving
5.5,6,47,7,82,7768,Declining
6.6,7,54,6,79,7056,Stable
7.1,5,10,3,72,3846,Stable
6.7,9,29,5,78,6194,Improving
6.7,5,46,8,82,7176,Declining
8.8,5,40,6,79,5956,Improving
5.0,6,30,3,79,6060,Declining
6.0,6,61,8,80,8018,Declining
5.8,8,71,7,79,8548,Stable
6.7,5,47,1,66,7406,Improving
4.5,5,52,8,82,7053,Declining
5.6,5,26,4,78,6880,Declining
4.5,9,57,6,84,8712,Stable
6.3,6,27,5,83,6867,Stable
4.8,7,63,5,77,9093,Stable
4.5,7,41,7,86,5969,Declining
7.1,6,45,3,73,7716,Improving
6.0,6,52,6,78,6772,Stable
4.7,4,33,7,84,4796,Declining
5.7,3,48,4,82,5997,Declining
8.2,8,10,5,91,3443,Improving
6.4,6,52,5,80,7674,Stable
5.6,6,34,5,83,6218,Declining
7.1,6,59,5,84,7211,Improving
5.8,7,50,8,79,6973,Declining
6.6,10,53,10,94,7589,Stable
8.2,9,44,2,73,7982,Improving
6.8,6,50,7,74,7393,Stable
7.2,3,18,5,81,3836,Declining
6.2,9,80,1,73,11301,Improving
6.1,9,77,4,73,11710,Improving
5.6,7,33,1,72,7111,Improving
6.7,5,54,6,75,5749,Stable
6.9,4,57,3,76,7099,Improving
8.0,6,56,6,73,8379,Improving
6.5,9,31,6,80,5824,Stable
5.5,5,51,7,85,6861,Declining
4.9,5,62,4,68,8108,Stable
9.0,8,83,6,72,10783,Improving
7.3,7,64,10,80,6625,Stable
7.7,7,20,6,82,3735,Stable
6.5,6,63,7,81,8274,Stable
7.9,1,56,1,65,6200,Improving
6.9,9,58,6,79,7620,Improving
6.5,6,41,4,83,6690,Stable
7.0,5,18,3,84,6619,Stable
7.6,6,65,8,88,3317,Stable
6.7,3,60,6,72,5349,Declining
5.9,10,41,7,84,7038,Stable
7.0,7,75,7,79,9586,Improving
6.1,5,51,6,71,7140,Declining
6.3,9,59,5,79,8102,Improving
6.2,7,32,3,80,6706,Stable
6.9,5,71,3,72,10025,Improving
7.6,6,18,3,77,6371,Improving
6.4,9,62,6,74,9627,Improving
7.3,3,23,2,79,7688,Stable
6.0,7,16,6,86,4971,Declining
7.5,10,10,5,83,4642,Improving
6.2,6,83,7,75,10433,Stable
7.8,5,21,3,76,5690,Improving
7.9,9,47,9,76,7783,Improving
5.9,7,35,5,82,4509,Stable
4.8,2,41,3,74,7496,Declining
9.0,6,41,6,78,6498,Improving
7.0,3,46,4,77,6754,Stable
6.2,10,29,6,84,6711,Stable
7.1,6,47,8,80,6314,Stable
7.5,6,60,4,75,7937,Improving
7.3,4,40,7,88,6955,Declining
7.1,7,37,9,87,5701,Declining
7.9,4,76,4,73,9216,Improving
6.1,3,20,5,79,1667,Declining
7.5,5,13,2,76,5008,Stable
5.5,8,17,6,74,5001,Declining
5.3,9,22,6,91,4374,Declining
4.9,4,72,7,93,8160,Declining
6.7,7,44,7,81,5650,Stable
5.8,6,10,7,96,4263,Declining
6.3,5,71,8,78,8569,Declining
6.4,7,10,6,82,5563,Declining
5.5,6,38,5,81,4103,Declining
7.1,5,64,5,77,8096,Improving
6.7,5,50,6,72,6721,Stable
6.2,7,66,6,79,8862,Stable
7.0,3,50,2,77,5208,Stable
6.4,7,28,4,76,5420,Stable
6.5,4,54,5,73,6968,Stable
5.6,10,10,6,78,4382,Stable
6.5,7,24,7,84,5355,Declining
5.2,6,53,4,82,6592,Stable
6.9,6,48,6,82,6386,Stable
5.8,5,51,6,81,5977,Declining
7.5,5,72,2,69,9864,Improving
6.3,7,58,5,77,8432,Improving
6.5,6,10,10,96,1525,Declining
5.4,8,53,3,80,8267,Improving
6.1,4,49,3,78,7837,Stable
6.0,6,86,7,86,10253,Stable
8.6,4,60,5,73,6625,Improving
5.5,8,41,3,79,6688,Improving
7.6,7,87,4,70,10827,Improving
7.1,7,55,8,76,6180,Stable
6.2,6,57,9,85,5930,Declining
5.3,5,13,4,69,3395,Declining
5.8,8,70,2,73,8352,Improving
7.6,6,47,3,68,6890,Improving
6.5,5,12,9,81,2905,Declining
6.7,5,10,7,80,3244,Declining
5.5,5,46,2,72,6016,Stable
6.1,7,28,7,83,4874,Declining
5.0,8,45,2,75,9148,Improving
7.3,6,20,7,88,6257,Declining
6.4,5,31,1,70,6222,Improving
8.0,5,51,5,73,7978,Improving
5.9,3,68,5,81,8144,Declining
8.1,4,76,1,74,10574,Improving
6.6,4,68,3,70,8208,Improving
6.1,8,20,6,77,5925,Stable
5.8,3,75,5,75,7736,Stable
7.9,5,67,5,76,7011,Improving
6.9,8,41,5,81,6035,Improving
5.4,5,57,3,73,7122,Stable
6.0,7,31,6,77,5769,Stable
6.4,6,44,5,80,8450,Stable
5.5,6,17,6,85,4915,Declining
7.8,7,66,6,87,3471,Improving
6.3,9,30,6,81,6501,Stable
6.4,6,57,6,73,7991,Stable
4.9,6,57,8,86,7762,Declining
6.8,8,49,6,76,7227,Improving
6.3,5,51,6,78,6798,Stable
6.5,4,50,7,72,6079,Declining
6.2,5,79,6,80,9993,Stable
6.0,9,35,5,76,6016,Stable
6.0,8,37,3,83,9124,Improving
8.0,6,27,7,79,5153,Stable
6.7,7,49,8,80,7539,Stable
6.1,7,71,7,88,9493,Stable
6.0,7,47,9,92,6202,Declining
5.4,5,65,8,80,8807,Declining
6.6,10,46,5,77,9207,Improving
6.2,8,20,10,89,5103,Declining
5.3,6,49,2,73,9374,Stable
6.3,7,13,7,86,4050,Declining
9.0,9,53,3,65,6787,Improving
7.7,7,15,5,80,4664,Stable
6.6,2,44,5,75,6267,Declining
7.9,3,33,10,87,5001,Declining
8.6,6,39,7,76,7188,Improving
7.1,7,80,8,86,5615,Improving
7.5,3,62,6,77,5885,Stable
8.1,3,54,7,83,6916,Stable
8.7,6,55,7,85,8179,Improving
6.7,7,48,6,77,9447,Stable
8.6,9,38,5,76,7331,Improving
5.3,6,55,6,82,7119,Declining
6.9,2,10,6,83,3500,Declining
5.8,5,56,1,79,8696,Improving
5.5,4,77,8,85,9264,Declining
6.7,6,51,7,76,8731,Stable
6.8,6,51,5,79,7767,Stable
6.5,5,18,4,78,4694,Declining
6.3,5,46,6,81,7995,Declining
6.2,8,50,5,82,8755,Improving
8.1,5,34,6,73,5249,Stable
8.5,5,12,9,79,2989,Declining
7.2,7,29,6,81,6731,Stable
7.9,3,28,1,72,5976,Improving
7.3,7,76,5,75,9114,Improving
7.7,7,74,10,77,10284,Stable
5.1,3,79,2,65,8396,Stable
7.2,7,68,7,75,6889,Improving
6.5,1,38,3,77,4493,Declining
6.3,8,53,6,81,7106,Stable
7.3,3,15,6,78,4762,Declining
8.8,7,10,3,72,2859,Improving
7.4,7,78,7,82,7621,Improving
7.4,3,34,7,80,4349,Declining
7.8,6,44,1,72,8797,Improving
8.1,6,55,6,75,7753,Improving
7.0,7,42,5,79,5274,Improving
5.4,9,62,6,82,7279,Stable
6.8,5,86,3,75,11237,Improving
7.6,5,31,7,78,6012,Stable
9.0,1,51,8,79,5087,Declining
5.6,8,67,3,77,10478,Improving
7.3,4,70,6,79,2142,Stable
6.7,9,39,5,79,5980,Improving
6.8,8,56,2,68,8057,Improving
5.5,5,44,4,81,7014,Stable
7.9,7,26,7,73,5251,Stable
6.1,4,75,7,82,9411,Declining
7.8,5,46,3,74,7514,Improving
6.9,7,10,8,83,5398,Declining
8.1,8,24,8,75,6451,Stable
6.3,5,106,7,75,11466,Improving
8.2,5,31,5,79,5744,Stable
7.1,7,30,3,77,6738,Improving
7.4,6,30,6,76,6441,Stable
7.6,9,71,8,80,10763,Improving
5.5,8,35,7,82,5229,Declining
6.9,4,73,1,64,9331,Improving
8.5,6,49,8,82,5606,Stable
8.7,8,73,3,71,8983,Improving
4.6,7,55,1,74,7691,Improving
5.4,1,35,6,79,5580,Declining
5.1,8,67,7,77,8278,Stable
5.7,7,52,10,94,6618,Declining
7.0,4,44,7,75,5396,Declining
7.1,2,57,6,71,6749,Declining
5.3,10,45,2,73,9501,Improving
6.5,7,35,6,87,5863,Stable
6.1,5,37,6,80,6446,Declining
6.0,9,22,4,72,5322,Stable
7.8,7,55,4,70,7923,Improving
5.1,2,71,6,75,7097,Declining
7.3,6,14,3,78,4400,Stable
5.6,4,23,7,88,3530,Declining
6.4,7,58,8,80,8402,Stable
6.9,3,56,4,73,7014,Stable
7.9,6,33,4,72,6504,Improving
7.6,6,52,7,77,6587,Stable
5.2,4,62,6,77,7494,Declining
6.8,4,84,4,77,9013,Improving
6.7,3,36,4,72,5318,Declining
7.2,7,63,5,76,9860,Improving
6.1,8,25,5,80,6701,Stable
8.5,2,56,9,76,3980,Declining
6.9,7,39,5,78,7094,Stable
5.6,6,73,4,77,8972,Improving
4.7,8,67,3,78,9780,Improving
5.1,9,47,5,75,7744,Stable
6.0,7,46,3,73,7246,Improving
4.5,8,65,9,80,8411,Declining
7.7,7,30,9,83,6073,Stable
6.4,8,62,7,78,8305,Stable
7.1,5,69,1,77,9344,Improving
4.5,5,74,8,85,7939,Declining
6.9,3,10,3,72,4050,Declining
6.9,9,63,7,80,9523,Improving
6.6,8,48,7,82,8038,Stable
6.9,6,38,4,74,8302,Stable
8.9,8,41,9,86,5183,Improving
7.7,8,78,3,63,10818,Improving
7.1,9,14,2,76,11769,Improving
6.4,2,74,6,80,6433,Declining
5.1,4,40,2,85,6966,Declining
6.3,7,10,6,84,4845,Declining
5.2,2,93,4,78,9851,Stable
6.5,4,10,4,78,4202,Declining
6.7,10,16,6,74,4864,Stable
8.2,4,12,5,94,10137,Stable
6.2,2,51,2,72,7306,Stable
6.1,3,60,10,87,6557,Declining
7.6,9,48,10,78,7425,Stable
6.1,5,93,4,67,11391,Improving
4.5,7,43,6,86,5927,Declining
7.0,6,36,5,75,5039,Stable
6.9,8,47,2,72,8194,Improving
6.9,10,57,9,88,8390,Improving
7.3,5,56,4,78,7543,Improving
7.2,4,72,10,84,7946,Declining
6.1,4,37,8,84,6259,Declining
5.5,3,45,7,83,5840,Declining
6.6,3,14,5,78,1977,Declining
6.7,4,47,5,74,6383,Stable
5.9,6,47,5,83,7553,Stable
7.0,7,25,9,80,5538,Declining
7.2,8,56,10,84,7603,Stable
8.0,2,45,10,86,4560,Declining
6.7,8,58,10,85,7738,Stable
7.3,5,62,6,76,6592,Stable
5.5,6,29,4,77,4900,Declining
5.3,8,29,9,87,6915,Declining
6.2,5,40,9,86,7770,Declining
6.6,8,42,4,78,7750,Improving
6.3,1,30,2,72,5444,Declining
7.5,5,19,5,71,4693,Stable
8.3,6,56,7,82,7247,Improving
6.5,3,15,6,84,3304,Declining
8.2,6,64,10,86,9775,Stable
7.1,5,45,6,76,5117,Stable
5.8,8,49,9,88,5617,Declining
6.3,6,22,6,78,4976,Declining
6.5,6,22,8,78,4258,Declining
6.6,4,57,6,80,5305,Stable
7.0,8,41,6,84,6719,Improving
4.6,5,43,4,86,6633,Declining
8.2,6,17,6,76,4734,Stable
4.7,7,34,2,75,7485,Stable
6.8,3,31,8,84,3650,Declining
5.1,7,71,9,82,8447,Declining
6.4,3,30,4,81,6099,Declining
8.1,5,36,3,73,5962,Improving
7.3,6,45,2,72,6744,Improving
7.1,4,41,7,83,3647,Declining
6.2,4,37,4,75,6703,Declining
7.0,9,25,4,74,6207,Improving
7.3,5,28,8,74,5132,Declining
6.5,5,41,3,70,6062,Stable
6.4,6,70,1,69,11824,Improving
8.1,8,57,5,66,8351,Improving
8.8,7,43,5,71,7476,Improving
7.5,6,66,4,75,8410,Improving
5.2,7,36,8,84,5361,Declining
7.8,6,44,8,81,6891,Stable
6.5,2,75,10,87,6037,Declining
8.3,5,39,5,75,7259,Improving
5.6,6,40,2,81,7603,Stable
6.8,5,39,1,73,5629,Improving
6.0,5,38,6,87,6601,Declining
4.5,6,36,8,88,6548,Declining
7.5,8,71,3,71,9719,Improving
9.0,8,62,7,74,8385,Improving
5.9,7,90,4,73,10345,Improving
7.6,8,22,4,78,6502,Improving
9.0,6,48,8,78,4935,Improving
6.1,5,51,6,91,6884,Declining
4.6,6,66,8,88,7979,Declining
7.6,5,41,3,75,6615,Improving
6.5,7,29,10,84,5830,Declining
4.5,6,55,3,82,8050,Stable
7.4,5,27,7,79,4483,Declining
8.0,9,16,7,73,5195,Improving
7.8,5,34,10,81,5262,Declining
7.4,7,23,6,79,5678,Stable
6.1,8,59,2,75,9649,Improving
7.8,4,57,7,75,7498,Stable
5.1,5,52,7,83,7523,Declining
5.9,5,53,7,82,6954,Declining
6.0,7,13,2,79,4311,Stable
6.7,6,60,6,77,7957,Stable
8.8,5,19,6,80,3607,Stable
4.5,4,10,5,86,3939,Declining
6.8,6,69,6,80,9017,Improving
7.3,9,43,5,70,7928,Improving
9.0,7,23,8,79,5132,Stable
6.9,8,49,4,82,6953,Improving
7.0,7,22,5,79,4418,Stable
4.6,4,46,8,87,6694,Declining
6.4,10,55,4,77,8951,Improving
7.1,5,30,4,71,6024,Stable
7.1,8,23,3,79,4821,Improving
4.5,4,56,5,81,6687,Declining
7.3,5,29,4,77,6150,Stable
9.0,8,15,3,72,5016,Improving
5.3,5,45,5,85,6061,Declining
8.6,5,22,9,90,3942,Declining
6.8,7,42,6,86,8698,Stable
6.0,5,84,6,76,9720,Stable
6.6,9,62,6,75,9251,Improving
7.3,5,23,5,81,4529,Stable
8.4,6,36,4,78,4872,Improving
4.7,7,66,4,80,7905,Stable
4.5,3,69,4,83,8974,Declining
5.2,4,69,1,71,9709,Stable
7.7,8,31,9,81,5731,Stable
7.2,3,10,3,81,4064,Declining
5.5,7,63,5,78,9033,Stable
6.9,7,69,7,77,8348,Improving
6.1,8,96,3,77,12591,Improving
7.6,5,54,6,78,9407,Stable
8.1,5,34,7,85,3101,Stable
4.7,6,75,2,75,10440,Improving
8.5,5,75,6,78,8173,Improving
6.8,2,44,9,95,5180,Declining
5.9,5,63,4,76,9156,Stable
6.9,5,68,4,71,10032,Improving
6.5,5,42,6,80,6922,Declining
9.0,8,69,8,71,9321,Improving
6.9,6,39,4,76,7953,Stable
4.5,10,65,7,81,10498,Stable
5.1,5,61,2,72,9321,Stable
6.9,5,40,3,77,7855,Stable
7.5,8,49,5,76,6167,Improving
6.2,5,44,2,74,6605,Stable
6.4,6,38,8,91,4888,Declining
7.9,7,41,8,86,6387,Stable
7.8,4,38,8,77,6293,Declining
6.9,7,53,4,76,4808,Improving
7.2,5,65,7,74,9205,Stable
6.3,9,53,9,86,7816,Stable
6.4,6,39,7,86,7357,Declining
7.4,6,30,4,78,5188,Improving
5.8,4,14,6,90,2724,Declining
6.7,6,35,6,75,5571,Stable
6.1,7,49,5,78,7768,Stable
7.0,5,69,7,73,8643,Stable
7.0,8,10,9,90,5688,Declining
6.0,5,29,5,78,7625,Declining
6.2,6,43,6,80,6517,Stable
8.5,3,54,6,82,5895,Stable
8.1,9,24,10,83,7751,Stable
5.3,6,10,5,86,4190,Declining
5.8,5,55,8,80,5507,Declining
7.6,10,24,7,85,6210,Improving
6.3,7,75,5,71,8715,Improving
7.9,6,65,8,79,7951,Stable
7.9,6,12,3,80,4866,Improving
6.4,5,88,4,73,10570,Improving
5.8,5,19,6,85,4430,Declining
7.4,6,63,9,77,8130,Stable
6.4,6,53,7,86,8483,Stable
5.9,1,44,4,75,6510,Declining
7.4,2,62,6,74,5868,Stable
4.8,4,30,7,84,4904,Declining
5.1,4,69,4,76,7319,Stable
6.4,5,45,3,73,7240,Stable
6.3,5,52,4,76,7836,Stable
6.6,4,57,7,79,6733,Declining
6.8,6,65,6,74,7151,Stable
5.8,6,52,5,75,6615,Stable
5.6,3,10,6,85,3188,Declining
4.9,5,40,8,86,7102,Declining
7.2,6,70,10,81,8694,Stable
6.4,9,35,5,84,5702,Improving
7.2,6,40,4,74,7679,Improving
5.6,7,10,3,80,4358,Stable
6.5,4,45,4,79,6720,Stable
8.2,6,55,4,77,7196,Improving
6.7,8,58,3,71,8451,Improving
7.5,5,43,5,73,6691,Stable
8.4,5,77,2,71,9164,Improving
5.4,7,40,5,84,7490,Stable
4.9,3,34,6,83,4709,Declining
6.4,8,41,6,85,5515,Stable
5.9,8,19,4,84,6077,Stable
8.1,8,67,6,82,9823,Improving
6.4,6,16,7,79,5236,Declining
6.9,7,45,2,71,6006,Improving
8.0,5,30,5,77,5499,Stable
5.2,6,10,1,73,5727,Stable
6.4,3,58,6,78,6956,Declining
6.7,3,80,4,79,11095,Stable
6.7,5,49,6,83,5548,Stable
6.5,2,45,3,77,6506,Stable
6.0,5,33,7,78,6305,Declining
6.3,7,32,8,80,5724,Declining
6.6,9,53,1,74,9446,Improving
6.0,7,73,3,80,8933,Improving
4.5,9,78,10,87,9682,Declining
8.8,6,20,5,84,5499,Improving
6.6,6,41,6,80,4235,Stable
5.0,7,44,6,89,9909,Declining
6.5,7,38,7,81,3919,Stable
6.4,4,24,4,76,4898,Declining
6.5,3,29,8,85,4978,Declining
5.4,7,74,9,83,8470,Declining
5.9,6,46,6,79,5541,Stable
5.5,4,32,8,82,5090,Declining
5.8,8,24,10,82,4619,Declining
6.8,6,39,8,81,6879,Declining
6.2,4,34,6,80,6002,Declining
6.5,5,17,2,80,4775,Stable
9.0,4,21,8,84,3682,Stable
6.1,9,40,6,85,6939,Stable
7.1,8,62,8,87,8007,Improving
6.6,9,63,5,79,9040,Improving
6.2,8,68,6,80,8842,Improving
9.0,4,54,5,84,9230,Improving
7.0,6,69,6,79,7145,Improving
4.5,6,38,5,81,6222,Declining
6.3,6,46,9,82,8035,Declining
5.3,6,54,1,68,7638,Improving
5.3,6,46,6,78,7534,Declining
7.4,9,12,9,86,4979,Stable
4.5,5,25,4,85,5557,Declining
8.5,5,10,6,87,4177,Stable
7.3,5,33,6,79,6282,Stable
6.6,5,41,4,87,6579,Stable
8.8,7,54,8,79,5674,Improving
7.6,6,55,3,75,9033,Improving
9.0,7,50,4,73,7754,Improving
6.9,6,63,3,78,8033,Improving
5.2,9,48,4,76,8196,Improving
6.9,5,70,3,70,11061,Improving
7.2,4,47,5,78,6571,Stable
7.9,5,60,8,84,7472,Stable
4.5,5,29,10,85,4883,Declining
7.8,2,16,5,74,3977,Declining
6.8,8,34,10,87,5797,Declining
5.9,8,29,8,85,5735,Declining
6.2,10,49,3,74,8565,Improving
6.9,4,50,8,84,6747,Declining
6.1,6,85,5,72,9892,Improving
7.9,10,38,3,73,8413,Improving
5.3,8,26,5,84,6671,Stable
5.4,9,25,7,80,6602,Declining
7.7,1,28,2,68,4875,Stable
7.5,7,17,5,86,4264,Stable
6.1,7,42,10,76,7243,Declining
5.1,8,64,5,83,7630,Stable
5.6,3,34,10,89,4218,Declining
6.3,6,57,8,79,7334,Declining
8.7,7,79,5,76,11073,Improving
6.1,8,22,7,92,10619,Declining
7.3,9,13,4,69,5067,Improving
4.5,7,24,9,91,5357,Declining
6.2,10,56,6,80,6862,Improving
6.9,6,77,5,79,9065,Improving
6.3,2,52,4,75,6882,Declining
4.9,6,66,3,77,10121,Stable
5.2,6,32,7,85,5633,Declining
7.0,9,20,2,78,6399,Improving
5.2,7,38,3,75,6820,Stable
6.5,10,76,9,84,9580,Improving
7.8,7,55,2,76,10084,Improving
4.8,6,10,6,81,3817,Declining
7.1,2,75,8,78,8224,Declining
6.7,7,60,5,76,8078,Improving
4.9,3,64,9,83,8549,Declining
8.4,7,54,5,73,7217,Improving
5.0,5,33,1,76,4760,Stable
6.4,6,54,9,80,6796,Declining
6.2,8,70,4,79,8200,Improving
6.8,6,53,8,80,7125,Stable
5.4,5,43,6,82,7541,Declining
7.4,6,46,4,75,9372,Improving
6.2,6,32,5,80,7046,Stable
6.3,6,28,7,89,4735,Declining
7.9,1,63,9,83,7273,Declining
7.0,6,78,2,68,11258,Improving
5.2,10,33,4,80,6344,Stable
8.6,5,47,8,76,6329,Stable
6.4,8,87,2,72,12087,Improving
4.5,6,73,8,80,9040,Declining
6.1,5,38,5,82,5912,Declining
6.8,1,33,4,74,4930,Declining
7.5,3,52,4,71,6063,Stable
6.6,4,99,4,73,12607,Improving
5.5,6,27,8,78,4888,Declining
6.6,9,47,8,74,9163,Stable
5.7,6,78,10,81,8977,Declining
5.4,3,34,1,72,6495,Stable
6.3,7,38,4,71,7745,Stable
6.0,3,43,6,80,6562,Declining
5.4,4,52,8,80,7893,Declining
7.7,6,78,8,78,9672,Improving
6.7,10,17,6,79,3748,Stable
4.5,4,42,7,88,6566,Declining
7.5,8,10,3,67,4201,Improving
8.3,6,39,6,81,6450,Improving
7.6,5,11,3,79,5853,Stable
5.9,3,65,3,77,8954,Stable
7.5,10,42,1,76,8123,Improving
7.7,6,52,7,80,6775,Stable
6.2,5,40,9,87,5292,Declining
8.7,2,23,10,89,4786,Declining
9.0,8,41,6,74,7551,Improving
6.2,4,29,4,73,5109,Declining
4.7,8,80,9,84,8204,Declining
5.5,5,65,7,86,7040,Declining
6.5,9,25,3,74,5291,Improving
5.4,3,22,7,68,10015,Declining
6.4,8,89,6,76,11726,Improving
5.7,9,43,7,86,7997,Stable
4.9,8,59,5,76,4133,Stable
5.3,7,37,1,73,7162,Improving
9.0,9,49,5,80,7255,Improving
5.8,6,10,3,86,2976,Declining
6.5,6,80,6,85,10404,Improving
7.6,3,90,9,75,8043,Stable
4.5,5,50,7,84,6606,Declining
6.5,5,23,2,80,5121,Stable
7.7,8,70,10,90,8799,Stable
5.2,6,86,2,74,10982,Improving
5.8,5,65,6,81,8888,Stable
7.7,6,47,3,72,7458,Improving
6.3,6,86,5,77,10716,Improving
5.3,4,102,6,81,9657,Stable
7.2,8,45,3,69,8478,Improving
6.1,3,33,5,72,5341,Declining
5.4,4,43,9,82,6588,Declining
5.1,6,49,8,89,8153,Declining
6.4,4,26,9,85,4735,Declining
6.4,8,92,9,84,10573,Improving
7.3,4,29,6,87,5696,Declining
6.5,8,52,9,81,7493,Stable
7.8,9,29,9,88,6720,Stable
6.8,8,46,9,86,5607,Stable
4.5,7,78,4,79,10169,Stable
5.4,7,44,5,82,7919,Stable
5.4,10,31,3,73,7450,Improving
6.0,6,37,8,83,6251,Declining
6.5,1,43,6,76,5263,Declining
6.5,3,57,6,78,7855,Declining
5.4,2,35,5,82,6462,Declining
7.2,6,27,5,78,5273,Stable
4.5,7,76,1,77,9785,Improving
5.9,9,36,4,86,5959,Improving
6.5,4,68,4,77,9810,Stable
7.3,8,37,7,76,6338,Stable
7.4,6,62,8,83,8525,Stable
4.6,3,80,5,83,11237,Declining
7.0,7,29,5,81,6793,Stable
7.3,7,74,7,80,10572,Improving
7.8,8,57,4,69,7944,Improving
6.2,1,35,5,74,4280,Declining
5.2,8,45,6,78,6002,Stable
7.5,4,14,6,81,3890,Declining
6.3,7,45,6,81,7895,Stable
5.9,5,71,2,72,10732,Improving
7.5,2,29,4,76,5277,Declining
6.9,6,38,2,81,6708,Improving
5.7,2,33,8,94,4271,Declining
7.0,5,70,4,70,9951,Improving
6.3,7,24,5,74,5880,Stable
6.8,8,39,4,79,7631,Improving
6.9,7,68,5,84,9247,Improving
4.6,6,57,10,97,8980,Declining
7.2,4,55,7,75,4871,Stable
5.8,4,60,7,80,7745,Declining
5.0,9,64,4,76,9324,Improving
4.9,7,44,7,85,7502,Declining
6.2,5,24,4,80,4279,Declining
7.3,4,37,3,80,2869,Stable
4.5,7,37,2,72,6915,Stable
6.7,4,34,2,74,5780,Stable
6.2,6,35,8,80,6342,Declining
5.8,4,47,7,81,7045,Declining
5.5,6,15,3,78,6648,Declining
6.3,9,52,4,74,8012,Improving
5.0,5,29,3,71,5462,Declining
7.2,6,60,1,71,7551,Improving
5.7,4,29,4,79,5036,Declining
6.5,5,52,4,77,7375,Stable
5.6,6,49,8,78,6558,Declining
6.4,5,57,9,82,5422,Declining
6.2,4,33,6,86,5595,Declining
6.2,3,51,4,88,5706,Stable
7.9,6,36,2,69,7057,Improving
7.8,8,31,8,84,6609,Stable
6.1,7,46,10,88,5241,Declining
4.9,6,67,6,84,8737,Declining
6.3,7,10,4,78,3204,Stable
7.1,7,30,7,79,5203,Stable
7.6,10,80,7,86,9158,Improving
6.9,8,39,8,83,6314,Stable
6.6,5,31,5,80,5777,Stable
6.1,3,71,3,74,8896,Stable
6.5,9,42,3,71,7588,Improving
7.3,2,47,8,87,6135,Declining
4.8,5,76,6,91,9136,Declining
5.6,6,40,3,71,6429,Stable
8.1,5,35,8,83,5395,Stable
5.8,5,47,7,78,6671,Declining
5.9,7,62,5,80,8919,Stable
6.7,7,69,4,78,8483,Improving
5.8,4,38,5,81,5830,Declining
4.7,7,51,8,87,7233,Declining
7.2,8,50,9,87,7417,Stable
5.7,8,22,7,85,4808,Declining
7.7,5,41,4,78,6251,Improving
5.8,4,41,6,80,5881,Declining
7.2,9,60,7,83,9682,Improving
5.7,6,30,6,85,5262,Declining
5.8,2,51,5,81,6897,Declining
6.8,5,46,3,76,6380,Improving
7.6,3,33,7,78,3904,Declining
6.7,6,33,6,69,7585,Stable
8.6,4,15,4,80,3464,Stable
4.9,6,65,4,76,8589,Stable
5.7,4,31,10,85,5629,Declining
7.1,8,38,2,75,6329,Improving
6.9,5,20,8,83,3115,Declining
4.7,9,40,8,87,6866,Declining
6.2,4,67,4,78,8356,Stable
5.1,8,65,7,84,8078,Stable
6.9,6,42,10,87,5325,Declining
5.3,8,48,4,80,7757,Stable
7.8,5,44,6,87,7376,Stable
4.9,6,49,9,87,7521,Declining
8.6,4,41,7,75,7215,Stable
7.3,6,14,4,79,4642,Stable
7.5,7,19,4,84,4089,Improving
6.8,5,61,9,87,7861,Declining
8.2,6,58,7,80,6833,Improving
6.9,4,35,8,84,4448,Declining
7.4,6,39,6,82,6029,Stable
4.5,8,70,4,72,10065,Stable
6.5,5,40,8,86,6201,Declining
6.1,6,50,4,73,7628,Stable
8.3,7,58,9,82,8910,Improving
6.3,8,39,1,68,6371,Improving
5.5,5,55,9,84,5547,Declining
6.2,5,47,8,79,7048,Declining
4.5,6,73,6,92,10692,Declining
7.6,3,52,3,78,7013,Improving
5.3,5,44,5,78,5726,Declining
7.5,5,31,5,74,5295,Stable
6.4,7,69,6,75,8396,Improving
5.6,7,49,4,76,7243,Stable
6.8,3,55,6,79,8760,Declining
6.4,3,56,7,86,6267,Declining
7.5,7,39,5,85,7028,Improving
6.0,5,78,8,80,8787,Declining
8.8,3,25,5,75,4267,Stable
7.5,6,20,3,72,4586,Improving
9.0,5,86,10,88,8950,Improving
5.6,9,32,5,87,8159,Stable
6.2,5,10,5,80,4925,Declining
6.0,4,82,6,77,10724,Stable
6.7,5,31,7,88,5624,Declining
6.2,8,33,5,78,7325,Stable
7.5,5,50,6,78,5414,Stable
6.9,4,60,6,83,8611,Stable
6.0,4,69,8,81,7550,Declining
6.6,9,38,5,73,6322,Improving
5.4,7,73,4,75,8868,Improving
5.9,7,26,8,79,3899,Declining
8.0,7,100,5,71,12941,Improving
5.3,9,58,7,89,7881,Stable
7.5,9,37,5,80,5438,Improving
6.3,4,68,6,82,8542,Stable
7.3,6,44,4,78,7045,Improving
8.2,6,63,9,91,6376,Stable
7.6,5,36,5,79,5921,Stable
6.8,6,10,5,75,2571,Declining
7.5,8,23,10,84,5243,Declining
7.9,7,47,2,70,7158,Improving
7.5,5,50,6,80,8549,Stable
5.5,5,48,6,78,7013,Declining
7.3,5,42,3,69,6269,Improving
7.0,6,67,5,85,5920,Improving
5.1,5,66,9,82,7298,Declining
5.7,5,82,9,84,9540,Declining
8.7,4,67,8,86,7556,Stable
6.2,7,44,5,81,7154,Stable
7.9,4,19,4,75,5297,Stable
7.3,5,23,6,75,4191,Declining
6.6,6,61,5,83,9565,Improving
4.5,2,57,7,81,6826,Declining
7.5,5,60,6,77,8345,Stable
4.5,1,31,6,84,6162,Declining
8.9,6,78,8,72,9993,Improving
9.0,3,15,10,82,1500,Declining
7.2,5,41,7,87,6586,Stable
7.1,7,36,7,81,7349,Stable
6.5,8,39,3,77,9577,Improving
5.6,6,81,5,79,9173,Stable
7.2,4,44,2,77,6925,Improving
5.7,6,43,4,76,7690,Stable
6.5,5,44,3,79,7875,Stable
5.9,4,82,3,72,8665,Improving
7.7,10,28,4,75,6470,Improving
6.2,4,88,8,74,11535,Stable
5.1,6,15,8,86,5562,Declining
5.8,2,46,4,79,5392,Declining
7.0,5,69,6,79,7462,Stable
6.6,7,54,7,84,6673,Stable
6.9,6,63,8,79,7266,Stable
6.1,7,50,2,76,9748,Improving
6.3,10,31,3,76,6942,Improving
4.8,4,41,4,80,6577,Declining
7.6,6,73,4,73,8610,Improving
7.1,7,70,8,85,8691,Stable
7.7,4,35,6,86,6106,Stable
6.6,3,21,2,79,4780,Stable
6.8,4,10,7,74,1690,Declining
6.8,5,27,3,76,6479,Stable
5.1,3,44,7,82,7030,Declining
4.5,10,58,6,76,8760,Stable
7.4,6,46,4,73,8823,Improving
5.5,7,60,3,70,9363,Improving
5.7,5,39,8,86,5783,Declining
5.9,4,50,5,78,7869,Declining
6.3,8,83,1,77,11916,Improving
7.9,7,30,6,82,5430,Improving
5.7,6,90,4,80,10581,Improving
8.0,5,74,7,76,8196,Improving
4.9,10,26,5,82,7262,Stable
7.2,4,61,5,77,8715,Stable
5.6,6,53,10,91,7229,Declining
6.8,7,32,1,79,5382,Improving
7.2,6,37,7,78,6270,Stable
7.1,4,79,5,74,8115,Improving
4.9,6,35,7,91,5793,Declining
6.6,5,45,8,84,6065,Declining
7.1,10,48,9,83,7168,Stable
6.7,7,42,2,70,8274,Improving
4.6,4,85,6,76,8859,Declining
6.9,8,41,4,81,7239,Improving
5.6,6,53,3,74,7980,Stable
6.6,4,50,4,72,7279,Stable
5.9,9,26,5,77,6534,Stable
6.5,8,72,8,85,8929,Stable
7.9,6,72,10,83,7466,Stable
5.8,7,57,3,79,6862,Improving
7.4,4,50,4,72,7536,Stable
7.1,9,39,10,90,6196,Stable
5.7,5,49,8,83,5966,Declining
7.2,3,52,5,73,6993,Stable
5.5,9,17,6,85,6199,Declining
6.0,8,44,6,85,8015,Stable
6.6,6,33,2,81,7111,Improving
6.5,6,73,9,78,8391,Stable
6.0,6,44,3,75,6667,Stable
8.3,7,83,6,73,11568,Improving
5.6,6,91,4,77,10362,Improving
7.3,8,17,4,74,5671,Improving
4.9,7,35,6,83,5432,Declining
8.0,2,27,4,74,2467,Stable
5.8,8,62,1,73,9300,Improving
8.3,3,58,6,75,7747,Stable
8.6,5,55,7,74,6061,Improving
8.9,6,76,5,72,10313,Improving
6.3,6,71,2,71,10368,Improving
7.4,5,31,6,76,6346,Stable
8.1,4,16,3,73,4254,Stable
5.9,7,56,6,75,8214,Stable
6.2,4,16,4,83,4416,Declining
7.7,8,70,8,78,8119,Improving
5.9,5,46,3,78,5786,Stable
6.6,3,38,1,73,5477,Stable
5.0,8,25,5,79,5191,Declining
8.0,3,27,4,87,4596,Stable
6.9,8,73,6,80,9901,Improving
6.5,8,78,4,73,9505,Improving
6.7,3,40,6,79,5517,Declining
8.0,7,38,6,85,5987,Improving
6.2,1,41,9,90,5894,Declining
6.8,5,49,1,71,6608,Improving
6.5,8,31,5,88,4950,Stable
7.5,6,25,5,84,4460,Stable
6.1,10,65,4,74,9985,Improving
5.5,9,17,6,83,3288,Declining
6.6,7,41,6,79,6047,Stable
7.2,7,26,5,76,4580,Stable
7.4,5,10,10,81,2481,Declining
7.7,7,62,9,85,7803,Stable
8.0,6,34,3,76,6747,Improving
8.1,10,33,3,71,7278,Improving
8.1,5,83,7,72,10039,Improving
6.9,2,91,6,74,10573,Stable
6.4,10,30,2,74,7707,Improving
7.8,6,55,6,86,8548,Improving
6.9,6,26,4,78,6658,Stable
5.1,6,52,7,91,7517,Declining
7.0,3,12,5,79,3094,Declining
7.0,7,43,6,83,6356,Stable
6.5,1,52,4,78,5794,Declining
6.8,9,58,7,87,8911,Improving
4.8,5,79,6,78,9643,Declining
5.4,3,21,5,82,3600,Declining
6.5,4,63,5,80,7874,Stable
5.9,8,53,4,82,8734,Improving
7.7,7,35,7,79,6683,Stable
5.1,4,54,4,81,6889,Declining
6.6,5,54,3,71,7156,Improving
6.8,4,43,6,77,4297,Declining
6.6,5,38,5,76,5002,Stable
6.2,8,36,3,68,6172,Improving
5.9,6,44,6,76,6331,Declining
7.3,9,15,6,81,4617,Stable
6.3,7,54,7,79,6532,Stable
5.8,10,53,3,74,8979,Improving
7.9,6,81,2,75,9093,Improving
7.5,5,10,6,84,4598,Declining
7.1,6,28,2,72,5343,Improving
4.6,6,61,8,87,8151,Declining
8.4,4,54,7,77,7637,Stable
5.6,10,48,6,75,7508,Stable
5.2,6,48,10,89,4943,Declining
5.0,6,36,10,89,5444,Declining
7.0,5,100,4,75,10360,Improving
7.6,9,43,6,71,7786,Improving
5.4,7,21,7,86,4318,Declining
8.6,7,40,4,66,7544,Improving
7.2,1,77,7,80,6974,Declining
9.0,9,10,4,78,5211,Improving
8.3,6,37,3,82,5971,Improving
5.9,4,49,5,78,7257,Declining
5.2,6,47,10,81,5768,Declining
7.4,6,47,5,73,4821,Improving
7.2,7,29,9,86,5659,Declining
5.8,9,47,6,83,7316,Stable
6.6,9,12,5,78,6386,Stable
7.9,8,68,6,86,9106,Improving
7.6,5,33,6,81,4986,Stable
6.6,7,40,4,82,5952,Improving
7.3,5,37,5,76,6160,Stable
7.5,8,53,4,73,8211,Improving
6.7,5,19,5,91,5213,Declining
5.4,7,40,5,78,6879,Stable
6.2,6,30,7,87,5456,Declining
7.3,5,38,4,77,7288,Stable
6.2,7,99,5,77,11236,Improving
7.2,5,62,7,80,7489,Stable
7.6,7,10,6,77,2746,Stable
8.2,3,82,4,71,9295,Improving
6.3,4,41,5,77,6192,Declining
6.4,7,42,7,79,6655,Stable
4.5,4,10,1,88,3254,Declining
7.4,5,10,5,76,3289,Stable
7.4,10,73,10,83,9950,Improving
5.0,10,23,9,87,5061,Declining
8.3,5,86,5,72,11893,Improving
8.3,6,42,3,72,8901,Improving
6.4,2,83,4,74,9661,Stable
7.7,7,29,4,72,6196,Improving
6.3,7,10,4,81,3804,Stable
6.2,9,50,3,77,9292,Improving
6.5,7,20,8,91,3181,Declining
5.8,2,52,6,83,7216,Declining
5.9,5,29,6,83,4537,Declining
8.2,7,38,9,85,5753,Stable
8.5,6,50,4,79,6321,Improving
6.4,4,30,6,85,4992,Declining
6.4,9,47,3,76,8404,Improving
8.0,7,20,1,71,4590,Improving
6.8,8,27,6,79,5129,Stable
7.0,5,34,4,81,5702,Stable
6.6,6,31,5,78,5680,Stable
7.5,6,30,4,80,6859,Improving
5.6,6,79,6,79,10283,Stable
4.8,9,56,2,70,9158,Improving
6.4,6,51,8,88,6363,Declining
6.7,5,63,9,76,7646,Declining
6.9,6,38,4,83,7094,Stable
5.5,9,85,3,73,9094,Improving
4.5,8,62,5,81,10446,Stable
6.5,5,41,7,82,7166,Declining
8.1,7,33,5,83,5931,Improving
5.6,8,45,5,83,7252,Stable
6.3,10,77,5,75,10817,Improving
8.9,6,60,6,77,8027,Improving
7.4,8,58,5,77,8572,Improving
7.1,9,48,6,81,10168,Improving
6.6,2,64,4,81,8428,Stable
6.6,9,44,4,71,8911,Improving
5.9,7,61,7,81,9231,Stable
8.3,7,32,5,80,5457,Improving
7.4,6,32,9,86,6409,Declining
7.0,7,46,9,84,7496,Stable
4.7,6,25,9,91,5079,Declining
7.2,4,41,1,67,7558,Improving
6.8,5,93,7,82,12413,Improving
6.9,7,52,6,83,6550,Stable
4.9,7,32,4,82,5915,Declining
4.8,7,25,1,85,6693,Stable
6.9,9,46,1,72,7185,Improving
6.9,6,27,7,83,5207,Declining
7.1,2,10,4,81,2577,Declining
6.6,8,74,2,78,10495,Improving
7.5,4,10,4,79,3685,Stable
5.9,5,61,4,76,8614,Stable
5.5,10,13,6,80,5182,Stable
4.9,9,43,6,77,7907,Stable
5.6,8,39,5,80,6747,Stable
7.3,7,82,5,78,10573,Improving
6.7,6,10,8,84,4145,Declining
5.2,5,16,5,80,5827,Declining
9.0,6,82,5,74,10561,Improving
7.1,4,50,8,78,5555,Declining
4.9,5,51,4,82,8236,Declining
6.1,7,37,7,83,6441,Declining
4.5,7,44,6,84,6460,Declining
7.1,2,10,7,90,2979,Declining
6.6,8,42,6,77,6736,Stable
5.1,7,66,3,70,10417,Improving
5.7,10,92,4,80,10991,Improving
7.4,4,76,6,84,8168,Stable
7.7,3,16,4,74,4933,Stable
5.9,10,69,7,83,10407,Improving
6.6,4,56,6,78,6996,Stable
6.0,9,44,5,75,7288,Improving
5.4,6,36,4,76,6347,Stable
5.4,5,23,6,72,4909,Declining
7.5,9,37,5,80,6997,Improving
6.4,4,44,1,69,7691,Improving
7.0,7,37,6,77,6581,Stable
7.4,6,61,2,81,9835,Improving
6.4,8,71,4,76,9160,Improving
7.2,7,48,5,80,8632,Improving
5.5,8,69,7,87,10687,Stable
7.3,9,58,5,73,8454,Improving
7.3,6,36,2,75,7142,Improving
6.8,6,24,3,72,6076,Stable
6.3,6,60,7,82,5770,Stable
6.4,8,40,2,65,7769,Improving
9.0,8,20,9,84,6219,Stable
6.1,8,70,4,74,10710,Improving
6.4,6,36,1,69,6327,Improving
5.4,7,35,7,90,7416,Declining
5.5,10,18,3,78,7641,Improving
8.3,3,16,7,67,3447,Declining
6.9,6,23,2,73,5336,Improving
7.7,7,54,2,67,7606,Improving
4.5,10,67,3,76,8898,Improving
6.5,6,66,2,70,8992,Improving
6.1,10,38,7,78,8204,Stable
6.5,7,40,9,85,6127,Declining
5.6,7,22,4,74,5057,Stable
4.5,4,50,8,90,7505,Declining
8.3,9,62,9,82,8415,Improving
5.4,6,33,7,87,6563,Declining
7.1,9,89,7,77,10359,Improving
5.7,7,78,6,81,8792,Stable
5.7,4,75,8,82,9999,Declining
6.1,4,35,4,80,4866,Declining
7.8,8,28,9,86,6284,Stable
6.2,3,66,8,91,8008,Declining
7.0,6,34,4,74,5628,Stable
6.1,6,67,4,72,8556,Improving
7.3,1,27,9,87,3247,Declining
4.5,8,10,4,79,5410,Declining
7.7,8,74,6,80,11138,Improving
6.6,8,34,5,80,6068,Stable
6.6,6,40,8,83,6580,Declining
7.3,5,77,3,74,9974,Improving
6.6,5,90,6,71,10717,Improving
6.3,10,62,5,75,8164,Improving
5.5,8,40,5,72,7450,Stable
6.0,5,32,7,76,5053,Declining
7.2,7,53,5,74,8661,Improving
7.1,6,12,3,76,4906,Stable
6.0,7,85,9,87,10467,Stable
6.6,3,67,6,74,8611,Stable
7.1,8,33,3,85,5220,Improving
4.5,7,26,1,72,6098,Stable
6.9,8,36,10,85,6272,Declining
6.0,8,46,4,83,8944,Improving
7.4,7,19,8,80,4708,Declining
7.4,7,46,8,84,7191,Stable
4.6,5,58,5,81,8782,Declining
6.6,3,57,3,65,7157,Stable
9.0,5,50,8,77,7422,Stable
7.1,6,36,4,75,5950,Improving
8.2,5,68,9,78,8354,Stable
4.8,7,39,5,82,8283,Declining
7.3,5,70,10,90,8230,Declining
8.5,5,10,5,81,3411,Stable
5.7,7,44,6,81,6468,Stable
7.1,5,34,3,72,5881,Stable
6.7,9,86,6,83,11054,Improving
6.8,6,50,10,85,7231,Declining
6.0,6,57,8,78,6697,Declining
6.0,6,81,4,72,7714,Improving
5.2,4,29,2,73,11937,Declining
5.2,9,29,9,86,5793,Declining
4.5,6,57,7,88,7840,Declining
6.8,10,42,10,85,8863,Stable
5.2,5,49,7,77,7486,Declining
5.9,7,57,4,75,7354,Improving
5.7,6,32,10,87,4278,Declining
7.4,9,53,7,80,8443,Improving
7.0,9,18,4,76,5867,Improving
6.2,6,53,5,81,8267,Stable
5.9,6,58,4,83,8020,Stable
4.8,4,68,8,82,6965,Declining
6.4,8,21,8,85,4845,Declining
5.8,8,28,7,87,5210,Declining
6.2,2,67,5,72,7465,Declining
6.9,3,71,7,79,7136,Stable
7.3,10,47,4,71,7372,Improving
7.0,4,19,7,86,3919,Declining
5.0,8,39,8,85,6684,Declining
8.0,6,37,7,79,6726,Stable
6.7,8,69,6,74,10067,Improving
5.3,6,52,6,80,7224,Declining
5.9,3,18,6,89,4382,Declining
7.0,5,35,5,73,4409,Stable
7.7,4,60,4,69,7271,Improving
6.2,5,10,8,82,3141,Declining
5.1,9,37,7,87,7083,Declining
7.3,6,99,6,71,11389,Improving
4.7,4,53,3,78,7557,Declining
5.4,5,34,6,77,3752,Declining
7.0,7,48,7,71,4944,Stable
6.5,5,36,5,89,5465,Stable
6.0,7,69,6,71,10646,Stable
7.5,6,10,6,82,4581,Stable
7.3,5,31,4,72,5639,Stable
7.8,5,59,7,75,6221,Stable
7.4,4,24,6,82,4906,Declining
6.9,8,45,6,83,6945,Improving
6.5,4,68,3,67,2501,Improving
5.9,5,59,5,86,9026,Stable
6.0,4,86,7,79,10035,Stable
6.1,9,62,7,81,9992,Improving
6.4,6,77,6,69,9121,Stable
6.4,6,15,4,84,4015,Stable
9.0,8,53,2,66,8861,Improving
7.3,1,30,9,77,3978,Declining
6.8,7,52,10,85,7255,Declining
7.6,7,61,7,76,9360,Improving
5.0,7,67,3,78,8395,Improving
7.0,6,20,6,81,5563,Stable
5.9,10,88,5,79,9979,Improving
5.2,6,50,10,86,7033,Declining
5.1,6,73,5,84,9122,Stable
7.3,8,72,4,77,10986,Improving
7.3,6,11,3,81,3693,Stable
7.6,9,36,5,77,6576,Improving
7.7,5,49,7,80,7217,Stable
7.0,7,59,5,82,6618,Improving
6.3,6,61,3,81,8775,Improving
8.2,4,75,5,77,8034,Improving
7.8,8,65,7,88,9103,Improving
8.9,7,58,4,76,8557,Improving
7.1,8,60,5,82,8816,Improving
8.0,5,10,7,78,1753,Declining
6.4,8,23,4,80,5934,Stable
9.0,9,45,9,81,9300,Improving
5.7,7,48,10,83,6805,Declining
8.2,7,57,5,72,8173,Improving
6.8,3,23,5,79,4538,Declining
4.5,4,26,10,93,5368,Declining
6.0,5,58,7,86,7618,Declining
7.1,7,54,5,81,7672,Improving
5.0,7,50,6,78,7368,Declining
5.1,5,28,5,87,4152,Declining
7.0,4,49,5,78,7357,Stable
5.1,9,53,5,77,8175,Stable
7.0,6,70,5,80,7853,Improving
6.2,4,61,7,85,7588,Declining
5.2,7,19,7,83,5112,Declining
7.6,8,68,4,77,9433,Improving
5.4,6,51,8,89,5955,Declining
7.3,6,62,4,80,8223,Improving
7.4,8,31,8,89,7696,Stable
5.6,3,13,3,83,2721,Declining
5.2,5,30,3,79,5633,Declining
8.4,4,31,9,82,5525,Declining
6.6,5,10,2,76,4504,Stable
5.0,8,51,6,83,8066,Stable
7.3,5,50,4,77,7750,Improving
7.8,5,30,2,79,5287,Improving
6.0,6,72,3,70,9447,Improving
7.8,6,53,7,78,7753,Stable
7.5,6,56,6,79,8776,Improving
5.5,10,38,5,76,6482,Stable
7.8,10,60,2,71,8202,Improving
7.3,7,37,8,85,6350,Stable
7.1,6,45,9,84,6457,Declining
4.8,7,29,7,85,5151,Declining
6.7,10,26,5,79,7032,Improving
5.8,6,34,3,79,6168,Stable
5.7,4,60,4,71,6832,Stable
6.2,8,41,7,80,7207,Stable
4.5,7,66,7,81,10356,Declining
6.6,3,50,4,73,6076,Stable
7.2,5,11,5,84,2553,Declining
6.9,6,23,8,86,5608,Declining
6.6,6,72,4,77,9894,Improving
8.7,4,81,3,71,8873,Improving
5.4,5,63,3,76,7758,Stable
6.4,3,52,9,85,4845,Declining
5.0,8,57,7,78,7875,Stable
6.9,7,55,5,82,8632,Improving
8.2,2,26,2,66,6155,Stable
7.6,10,42,6,69,9592,Improving
6.1,6,37,8,85,6921,Declining
7.5,4,48,2,70,6445,Improving
6.0,9,20,6,83,5571,Stable
7.7,6,58,6,78,7723,Improving
7.8,8,33,6,84,5851,Improving
5.2,1,12,5,78,3547,Declining
6.0,7,27,7,77,4955,Declining
7.0,7,48,3,76,9229,Improving
7.1,8,43,5,84,7791,Improving
7.2,5,29,7,81,4071,Declining
5.9,2,36,8,87,6097,Declining
6.4,8,46,6,80,6868,Stable
6.1,4,69,5,81,9515,Stable
5.8,3,63,6,86,7474,Declining
5.4,9,24,3,82,4876,Stable
8.2,5,14,1,74,3583,Improving
6.9,5,42,6,77,5496,Stable
6.6,7,24,9,84,4000,Declining
7.3,7,44,8,83,7226,Stable
5.7,2,53,5,76,7380,Declining
7.1,6,54,5,74,8061,Improving
5.8,5,21,7,86,5060,Declining
5.8,9,16,5,81,5941,Stable
7.6,5,58,9,82,6800,Stable
6.3,7,38,9,86,6245,Declining
5.9,6,50,6,76,7153,Stable
7.5,5,60,8,79,6953,Stable
5.3,5,21,6,88,7023,Declining
7.2,7,42,5,78,6620,Improving
6.5,8,38,7,81,6195,Stable
5.1,10,82,3,77,10320,Improving
4.5,7,56,5,73,8184,Stable
7.5,5,23,1,81,7567,Improving
5.2,2,32,5,77,4210,Declining
5.3,8,43,6,80,7239,Stable
6.6,5,31,4,76,5525,Stable
7.4,9,43,7,79,7629,Improving
6.1,8,50,8,80,8540,Stable
7.8,3,79,6,78,8324,Stable
7.5,9,18,9,83,6065,Stable
7.1,8,47,5,70,7587,Improving
5.6,6,64,5,88,8817,Stable
6.4,7,61,3,84,10877,Improving
4.5,3,46,4,78,5979,Declining
4.6,6,50,5,82,6460,Declining
6.7,6,10,4,76,4557,Stable
4.5,6,56,6,80,9356,Declining
5.2,6,46,7,84,6818,Declining
7.4,10,18,7,77,4320,Improving
4.6,7,17,7,88,4515,Declining
5.5,8,49,5,79,8169,Stable
4.8,7,17,7,85,4632,Declining
8.6,8,59,2,64,8203,Improving
5.6,8,57,9,93,7957,Declining
7.6,3,40,6,81,5039,Declining
6.4,7,47,5,85,5652,Stable
4.8,7,33,5,81,7712,Declining
5.7,4,39,5,79,6192,Declining
6.8,7,36,8,86,5810,Stable
7.2,5,56,4,74,8605,Improving
5.5,2,85,7,74,10870,Declining
7.8,4,69,4,67,8632,Improving
5.9,4,44,5,80,7768,Declining
5.3,6,36,3,79,6535,Stable
6.9,8,13,4,79,3853,Stable
6.3,6,64,5,78,8995,Stable
7.5,6,69,10,86,9058,Stable
6.2,4,27,7,73,4182,Declining
6.3,6,57,6,77,7752,Stable
7.3,7,74,5,76,11005,Improving
5.0,6,69,6,83,8710,Stable
7.6,8,55,5,78,8398,Improving
6.4,10,25,7,86,5870,Stable
6.8,4,63,5,74,8363,Stable
8.8,5,48,1,65,7663,Improving
5.7,3,10,8,83,2904,Declining
5.5,6,40,6,85,6374,Declining
7.4,6,61,9,71,6975,Stable
5.7,5,63,5,88,5671,Stable
8.7,5,39,2,76,6024,Improving
6.3,6,73,8,86,7496,Stable
6.1,3,57,8,77,8141,Declining
6.9,10,68,5,72,10065,Improving
6.0,7,52,5,80,8739,Stable
5.4,7,31,4,75,4934,Stable
6.6,6,30,5,79,6717,Stable
7.9,5,71,4,72,8467,Improving
6.7,9,56,4,79,9171,Improving
6.4,7,71,5,74,10785,Improving
8.3,6,43,7,78,5952,Stable
4.8,6,30,6,90,6166,Declining
5.4,8,52,6,79,9226,Stable
6.4,5,32,8,79,5865,Declining
6.9,7,31,5,79,6372,Stable
6.2,3,32,7,79,2859,Declining
7.8,6,69,3,61,9474,Improving
8.3,6,11,6,78,2923,Stable
4.8,9,54,7,81,8450,Stable
6.3,8,29,6,80,4931,Stable
7.9,6,68,8,80,8742,Improving
8.0,8,24,7,78,5541,Stable
7.4,3,43,7,75,6143,Declining
7.6,6,16,3,72,5032,Improving
4.5,5,10,2,83,5246,Declining
5.6,9,52,2,74,7632,Improving
6.0,7,10,6,88,4702,Declining
8.8,8,18,6,84,3525,Improving
5.7,5,17,4,78,4167,Declining
5.8,6,46,7,82,5513,Declining
5.6,6,23,7,87,4645,Declining
4.6,3,19,5,82,4550,Declining
4.5,8,26,7,81,6108,Declining
7.0,5,10,7,81,2785,Declining
7.8,9,22,5,77,5600,Improving
7.0,7,30,4,67,7498,Improving
6.1,5,70,8,78,8512,Declining
6.9,7,28,5,78,3071,Stable
6.0,5,47,5,83,8047,Stable
6.7,2,57,8,78,7065,Declining
5.5,1,63,6,80,6537,Declining
5.9,9,17,7,85,5185,Declining
6.4,5,42,5,75,7004,Stable
8.2,5,56,8,85,8736,Stable
6.7,9,17,5,82,3860,Stable
6.0,5,49,5,78,5067,Stable
6.9,9,67,5,80,9999,Improving
6.1,3,11,6,76,4335,Declining
6.9,7,34,5,78,7863,Stable
7.5,4,41,9,81,3953,Declining
7.4,8,35,6,80,4801,Improving
8.7,1,51,7,71,7683,Stable
6.1,9,55,6,82,6069,Improving
7.5,5,39,2,71,7381,Improving
6.7,7,49,6,79,6525,Stable
7.9,8,54,10,87,5174,Stable
7.1,10,26,6,82,5486,Improving
6.1,5,28,5,79,5081,Declining
4.5,8,38,4,77,7735,Stable
6.0,9,47,6,80,8384,Stable
5.6,7,46,7,85,6768,Declining
4.5,5,45,5,77,5545,Declining
6.9,6,42,7,83,7649,Stable
7.3,6,92,9,77,11816,Stable
5.7,3,29,3,79,5975,Declining
6.5,6,21,5,80,5249,Stable
7.7,6,44,3,72,6242,Improving
7.8,8,60,8,74,8410,Improving
9.0,7,84,5,71,9856,Improving
6.8,4,52,7,76,6906,Declining
5.7,8,25,5,81,4895,Stable
6.6,10,57,6,83,8227,Improving
7.9,4,62,4,75,8471,Improving
4.5,7,69,7,84,8103,Declining
4.8,5,59,3,74,7717,Stable
9.0,8,53,1,70,9950,Improving
7.6,9,22,7,83,5870,Stable
6.9,7,52,6,74,8176,Stable
5.0,2,19,4,77,4105,Declining
7.8,7,31,5,81,5593,Improving
5.8,5,47,4,83,8055,Stable
6.6,10,49,7,77,6982,Improving
7.3,9,25,9,81,4227,Stable
8.1,10,57,8,81,9010,Improving
